LABEL,TRACK_ID,SPOT_SOURCE_ID,SPOT_TARGET_ID,LINK_COST,DIRECTIONAL_CHANGE_RATE,SPEED,DISPLACEMENT,EDGE_TIME,EDGE_X_LOCATION,EDGE_Y_LOCATION,EDGE_Z_LOCATION,MANUAL_EDGE_COLOR
Label,Track ID,Source spot ID,Target spot ID,Edge cost,Directional change rate,Speed,Displacement,Edge time,Edge X,Edge Y,Edge Z,Manual edge color
Label,Track ID,Source ID,Target ID,Cost,γ rate,Speed,Disp.,Edge T,Edge X,Edge Y,Edge Z,Edge color
,,,,(cost),(rad/sec),(pixel/sec),(pixel),(sec),(pixel),(pixel),(pixel),
ID2124 → ID2126,0,2124,2126,-1.0,0.9097531579442097,7.211102550927978,7.211102550927978,24.5,929.5,720.5,0.0,
ID2114 → ID2116,0,2114,2116,-1.0,0.8329812666744317,14.422205101855956,14.422205101855956,19.5,945.5,709.5,0.0,
ID2144 → ID2146,0,2144,2146,-1.0,2.6344941491974563,14.560219778561036,14.560219778561036,34.5,937.5,734.5,0.0,
ID2035 → ID2037,0,2035,2037,-1.0,2.214297435588181,10.0,10.0,6.5,969.5,674.5,0.0,
ID2049 → ID2051,0,2049,2051,-1.0,3.017237659043032,10.198039027185569,10.198039027185569,13.5,960.5,692.5,0.0,
ID2071 → ID2073,0,2071,2073,-1.0,2.1112158270654806,18.439088914585774,18.439088914585774,21.5,932.5,705.5,0.0,
ID2055 → ID2110,0,2055,2110,-1.0,2.677945044588987,18.0,18.0,16.5,946.5,687.5,0.0,
ID2097 → ID2099,0,2097,2099,-1.0,2.4329663814621227,8.246211251235321,8.246211251235321,34.5,914.5,721.5,0.0,
ID2138 → ID2140,0,2138,2140,-1.0,2.1587989303424644,7.211102550927978,7.211102550927978,31.5,935.5,726.5,0.0,
ID2063 → ID2065,0,2063,2065,-1.0,0.0,0.0,0.0,17.5,945.5,679.5,0.0,
ID2085 → ID2087,0,2085,2087,-1.0,2.6224465393432705,17.88854381999832,17.88854381999832,28.5,917.5,707.5,0.0,
ID2077 → ID2079,0,2077,2079,-1.0,2.4805494847391065,8.94427190999916,8.94427190999916,24.5,919.5,703.5,0.0,
ID2103 → ID2105,0,2103,2105,-1.0,2.5672878234150915,18.110770276274835,18.110770276274835,37.5,912.5,712.5,0.0,
ID2033 → ID2035,0,2033,2035,-1.0,0.4636476090008061,2.0,2.0,5.5,973.5,672.5,0.0,
ID2130 → ID2132,0,2130,2132,-1.0,3.017237659043032,14.422205101855956,14.422205101855956,27.5,929.5,729.5,0.0,
ID2087 → ID2089,0,2087,2089,-1.0,2.0344439357957027,8.0,8.0,29.5,917.5,699.5,0.0,
ID2155 → ID2157,0,2155,2157,-1.0,2.2318394956455836,7.211102550927978,7.211102550927978,38.5,919.5,712.5,0.0,
ID2132 → ID2134,0,2132,2134,-1.0,2.958481836327309,15.231546211727817,15.231546211727817,28.5,930.5,728.5,0.0,
ID2091 → ID2093,0,2091,2093,-1.0,2.9441970937399127,14.0,14.0,31.5,915.5,696.5,0.0,
ID2128 → ID2130,0,2128,2130,-1.0,2.4329663814621227,8.94427190999916,8.94427190999916,26.5,927.5,727.5,0.0,
ID2118 → ID2120,0,2118,2120,-1.0,2.5213431676069717,12.165525060596439,12.165525060596439,21.5,939.5,718.5,0.0,
ID2112 → ID2114,0,2112,2114,-1.0,0.6510767214444797,8.246211251235321,8.246211251235321,18.5,948.5,699.5,0.0,
ID2037 → ID2039,0,2037,2039,-1.0,2.1763409903998667,6.324555320336759,6.324555320336759,7.5,968.5,678.5,0.0,
ID2122 → ID2124,0,2122,2124,-1.0,2.2318394956455836,6.324555320336759,6.324555320336759,23.5,928.5,714.5,0.0,
ID2067 → ID2069,0,2067,2069,-1.0,1.1071487177940904,14.142135623730951,14.142135623730951,19.5,938.5,688.5,0.0,
ID2150 → ID2155,0,2150,2155,-1.0,0.3217505543966422,12.649110640673518,12.649110640673518,37.5,923.5,715.5,0.0,
ID2136 → ID2138,0,2136,2138,-1.0,0.3217505543966422,4.0,4.0,30.5,935.5,723.5,0.0,
ID2029 → ID2031,0,2029,2031,-1.0,1.3086764855294237,20.591260281974,20.591260281974,3.5,966.5,668.5,0.0,
ID2079 → ID2081,0,2079,2081,-1.0,1.4288992721907328,6.324555320336759,6.324555320336759,25.5,922.5,708.5,0.0,
ID2110 → ID2112,0,2110,2112,-1.0,2.4668517113662407,12.806248474865697,12.806248474865697,17.5,942.5,691.5,0.0,
ID2045 → ID2047,0,2045,2047,-1.0,2.2455372690184494,4.0,4.0,11.5,959.5,695.5,0.0,
ID2142 → ID2144,0,2142,2144,-1.0,1.2490457723982544,11.313708498984761,11.313708498984761,33.5,935.5,737.5,0.0,
ID2043 → ID2045,0,2043,2045,-1.0,2.2455372690184494,12.806248474865697,12.806248474865697,10.5,964.5,693.5,0.0,
ID2099 → ID2101,0,2099,2101,-1.0,1.8157749899217608,2.0,2.0,35.5,914.5,717.5,0.0,
ID2065 → ID2067,0,2065,2067,-1.0,0.0,6.324555320336759,6.324555320336759,18.5,942.5,680.5,0.0,
ID2051 → ID2053,0,2051,2053,-1.0,2.1587989303424644,11.313708498984761,11.313708498984761,14.5,955.5,693.5,0.0,
ID2039 → ID2041,0,2039,2041,-1.0,1.35970299357215,18.110770276274835,18.110770276274835,8.5,970.5,688.5,0.0,
ID2095 → ID2097,0,2095,2097,-1.0,1.0040671092713902,13.416407864998739,13.416407864998739,33.5,918.5,719.5,0.0,
ID2021 → ID2023,0,2021,2023,-1.0,0.04345089539153084,25.298221281347036,25.298221281347036,1.5,965.5,665.5,0.0,
ID2083 → ID2085,0,2083,2085,-1.0,0.5880026035475675,7.211102550927978,7.211102550927978,27.5,916.5,713.5,0.0,
ID2146 → ID2148,0,2146,2148,-1.0,1.7561442767905915,4.47213595499958,4.47213595499958,35.5,933.5,728.5,0.0,
ID2069 → ID2071,0,2069,2071,-1.0,0.4636476090008061,12.649110640673518,12.649110640673518,20.5,939.5,701.5,0.0,
ID2041 → ID2043,0,2041,2043,-1.0,3.0309354324158977,8.0,8.0,9.5,969.5,693.5,0.0,
ID2120 → ID2122,0,2120,2122,-1.0,0.8176450458327023,7.211102550927978,7.211102550927978,22.5,931.5,714.5,0.0,
ID2023 → ID2029,0,2023,2029,-1.0,2.5748634360662868,8.246211251235321,8.246211251235321,2.5,957.5,660.5,0.0,
ID2081 → ID2083,0,2081,2083,-1.0,1.2490457723982544,2.0,2.0,26.5,920.5,711.5,0.0,
ID2140 → ID2142,0,2140,2142,-1.0,0.12435499454676144,4.47213595499958,4.47213595499958,32.5,932.5,731.5,0.0,
ID2148 → ID2150,0,2148,2150,-1.0,1.3909428270024184,10.0,10.0,36.5,928.5,725.5,0.0,
ID2053 → ID2055,0,2053,2055,-1.0,1.892546881191539,4.47213595499958,4.47213595499958,15.5,953.5,688.5,0.0,
ID2019 → ID2021,0,2019,2021,-1.0,NaN,14.560219778561036,14.560219778561036,0.5,984.5,671.5,0.0,
ID2073 → ID2075,0,2073,2075,-1.0,1.8157749899217608,4.47213595499958,4.47213595499958,22.5,924.5,701.5,0.0,
ID2126 → ID2128,0,2126,2128,-1.0,0.8329812666744317,8.246211251235321,8.246211251235321,25.5,930.5,727.5,0.0,
ID2075 → ID2077,0,2075,2077,-1.0,2.2318394956455836,10.198039027185569,10.198039027185569,23.5,920.5,700.5,0.0,
ID2047 → ID2049,0,2047,2049,-1.0,0.3217505543966422,6.324555320336759,6.324555320336759,12.5,960.5,690.5,0.0,
ID2055 → ID2063,0,2055,2063,-1.0,2.0032041023654346,12.806248474865697,12.806248474865697,16.5,950.5,683.5,0.0,
ID2101 → ID2103,0,2101,2103,-1.0,2.0344439357957027,4.47213595499958,4.47213595499958,36.5,914.5,719.5,0.0,
ID2093 → ID2095,0,2093,2095,-1.0,0.5404195002705842,11.661903789690601,11.661903789690601,32.5,918.5,708.5,0.0,
ID2089 → ID2091,0,2089,2091,-1.0,1.7681918866447774,10.198039027185569,10.198039027185569,30.5,914.5,694.5,0.0,
ID2105 → ID2107,0,2105,2107,-1.0,2.4429328288683303,7.211102550927978,7.211102550927978,38.5,909.5,706.5,0.0,
ID2116 → ID2118,0,2116,2118,-1.0,1.373400766945016,5.656854249492381,5.656854249492381,20.5,943.5,717.5,0.0,
ID2031 → ID2033,0,2031,2033,-1.0,2.17084654019665,4.47213595499958,4.47213595499958,4.5,972.5,675.5,0.0,
ID2134 → ID2136,0,2134,2136,-1.0,2.297438667476622,6.324555320336759,6.324555320336759,29.5,930.5,722.5,0.0,
ID2302 → ID2304,2,2302,2304,-1.0,2.1587989303424644,7.211102550927978,7.211102550927978,32.5,766.5,439.5,0.0,
ID2225 → ID2227,2,2225,2227,-1.0,0.3906070436976868,14.422205101855956,14.422205101855956,25.5,801.5,423.5,0.0,
ID2308 → ID2310,2,2308,2310,-1.0,1.4288992721907328,6.324555320336759,6.324555320336759,35.5,784.5,434.5,0.0,
ID2181 → ID2183,2,2181,2183,-1.0,0.04612111601451121,34.17601498127012,34.17601498127012,3.5,595.5,441.5,0.0,
ID2239 → ID2241,2,2239,2241,-1.0,2.999695598985629,10.0,10.0,32.5,814.5,417.5,0.0,
ID2276 → ID2278,2,2276,2278,-1.0,0.23923159996366056,14.422205101855956,14.422205101855956,38.5,763.5,475.5,0.0,
ID2227 → ID2229,2,2227,2229,-1.0,0.0,0.0,0.0,26.5,807.5,419.5,0.0,
ID2274 → ID2276,2,2274,2276,-1.0,0.7583777142101835,23.40939982143925,23.40939982143925,37.5,780.5,467.5,0.0,
ID2290 → ID2292,2,2290,2292,-1.0,0.5880026035475675,7.211102550927978,7.211102550927978,26.5,770.5,443.5,0.0,
ID2177 → ID2179,2,2177,2179,-1.0,0.5048613716591264,16.1245154965971,16.1245154965971,1.5,557.5,430.5,0.0,
ID2213 → ID2215,2,2213,2215,-1.0,1.2722973952087173,13.416407864998739,13.416407864998739,19.5,770.5,435.5,0.0,
ID2268 → ID2270,2,2268,2270,-1.0,3.141592653589793,8.94427190999916,8.94427190999916,34.5,801.5,443.5,0.0,
ID2272 → ID2274,2,2272,2274,-1.0,0.2984989315861793,13.416407864998739,13.416407864998739,36.5,794.5,457.5,0.0,
ID2245 → ID2247,2,2245,2247,-1.0,0.7520771675192011,14.560219778561036,14.560219778561036,35.5,832.5,413.5,0.0,
ID2211 → ID2213,2,2211,2213,-1.0,2.8112952987605393,12.165525060596439,12.165525060596439,18.5,779.5,430.5,0.0,
ID2187 → ID2189,2,2187,2189,-1.0,0.09232933473159899,16.492422502470642,16.492422502470642,6.5,683.5,467.5,0.0,
ID2231 → ID2233,2,2231,2233,-1.0,2.788602265762883,12.806248474865697,12.806248474865697,28.5,809.5,420.5,0.0,
ID2288 → ID2290,2,2288,2290,-1.0,3.058451421701352,4.0,4.0,25.5,775.5,445.5,0.0,
ID2179 → ID2181,2,2179,2181,-1.0,0.5292467808318448,15.231546211727817,15.231546211727817,2.5,572.5,432.5,0.0,
ID2292 → ID2294,2,2292,2294,-1.0,2.356194490192345,10.198039027185569,10.198039027185569,27.5,768.5,446.5,0.0,
ID2270 → ID2272,2,2270,2272,-1.0,2.51279636717436,12.165525060596439,12.165525060596439,35.5,798.5,445.5,0.0,
ID2229 → ID2256,2,2229,2256,-1.0,0.0,15.620499351813308,15.620499351813308,27.5,812.5,425.5,0.0,
ID2185 → ID2187,2,2185,2187,-1.0,0.2003410594316453,26.30589287593181,26.30589287593181,5.5,662.5,463.5,0.0,
ID2219 → ID2221,2,2219,2221,-1.0,2.356194490192345,6.324555320336759,6.324555320336759,22.5,764.5,430.5,0.0,
ID2260 → ID2262,2,2260,2262,-1.0,2.593043251139265,4.47213595499958,4.47213595499958,30.5,798.5,435.5,0.0,
ID2215 → ID2217,2,2215,2217,-1.0,2.677945044588987,12.0,12.0,20.5,767.5,435.5,0.0,
ID2300 → ID2302,2,2300,2302,-1.0,2.6224465393432705,2.0,2.0,31.5,763.5,440.5,0.0,
ID2294 → ID2296,2,2294,2296,-1.0,1.7681918866447774,12.0,12.0,28.5,763.5,451.5,0.0,
ID2189 → ID2191,2,2189,2191,-1.0,0.7641247773733871,32.2490309931942,32.2490309931942,7.5,705.5,461.5,0.0,
ID2217 → ID2282,2,2217,2282,-1.0,3.141592653589793,16.0,16.0,21.5,767.5,437.5,0.0,
ID2312 → ID2314,2,2312,2314,-1.0,1.8157749899217608,6.0,6.0,37.5,779.5,434.5,0.0,
ID2296 → ID2298,2,2296,2298,-1.0,0.7853981633974483,2.8284271247461903,2.8284271247461903,29.5,756.5,452.5,0.0,
ID2221 → ID2223,2,2221,2223,-1.0,1.446441332248135,10.198039027185569,10.198039027185569,23.5,770.5,432.5,0.0,
ID2256 → ID2258,2,2256,2258,-1.0,3.050932766389048,5.656854249492381,5.656854249492381,28.5,815.5,429.5,0.0,
ID2241 → ID2243,2,2241,2243,-1.0,0.17985349979247828,4.47213595499958,4.47213595499958,33.5,818.5,423.5,0.0,
ID2199 → ID2201,2,2199,2201,-1.0,0.1418970546041639,8.0,8.0,12.5,753.5,445.5,0.0,
ID2209 → ID2211,2,2209,2211,-1.0,0.15660187698201536,12.165525060596439,12.165525060596439,17.5,779.5,432.5,0.0,
ID2258 → ID2260,2,2258,2260,-1.0,1.3439974787410107,18.867962264113206,18.867962264113206,29.5,805.5,432.5,0.0,
ID2282 → ID2284,2,2282,2284,-1.0,1.5707963267948966,12.0,12.0,22.5,761.5,445.5,0.0,
ID2173 → ID2177,2,2173,2177,-1.0,NaN,10.770329614269007,10.770329614269007,0.5,544.5,429.5,0.0,
ID2183 → ID2185,2,2183,2185,-1.0,0.005780282443661751,40.496913462633174,40.496913462633174,4.5,630.5,454.5,0.0,
ID2284 → ID2286,2,2284,2286,-1.0,0.7853981633974483,2.8284271247461903,2.8284271247461903,23.5,754.5,446.5,0.0,
ID2310 → ID2312,2,2310,2312,-1.0,2.5748634360662868,8.246211251235321,8.246211251235321,36.5,783.5,436.5,0.0,
ID2237 → ID2239,2,2237,2239,-1.0,2.1112158270654806,5.656854249492381,5.656854249492381,31.5,813.5,415.5,0.0,
ID2207 → ID2209,2,2207,2209,-1.0,0.3217505543966422,6.324555320336759,6.324555320336759,16.5,770.5,434.5,0.0,
ID2195 → ID2197,2,2195,2197,-1.0,1.892546881191539,14.0,14.0,10.5,742.5,447.5,0.0,
ID2243 → ID2245,2,2243,2245,-1.0,2.137525544318403,11.661903789690601,11.661903789690601,34.5,822.5,420.5,0.0,
ID2247 → ID2249,2,2247,2249,-1.0,1.5273454314033659,6.324555320336759,6.324555320336759,36.5,840.5,414.5,0.0,
ID2229 → ID2231,2,2229,2231,-1.0,0.0,6.324555320336759,6.324555320336759,27.5,806.5,422.5,0.0,
ID2266 → ID2268,2,2266,2268,-1.0,0.6435011087932844,4.47213595499958,4.47213595499958,33.5,802.5,445.5,0.0,
ID2298 → ID2300,2,2298,2300,-1.0,2.875340604438868,16.1245154965971,16.1245154965971,30.5,759.5,446.5,0.0,
ID2197 → ID2199,2,2197,2199,-1.0,2.999695598985629,14.142135623730951,14.142135623730951,11.5,742.5,446.5,0.0,
ID2217 → ID2219,2,2217,2219,-1.0,1.1071487177940904,4.47213595499958,4.47213595499958,21.5,765.5,428.5,0.0,
ID2233 → ID2235,2,2233,2235,-1.0,2.833539872566017,7.211102550927978,7.211102550927978,29.5,810.5,417.5,0.0,
ID2191 → ID2193,2,2191,2193,-1.0,0.5191461142465229,28.0,28.0,8.5,733.5,453.5,0.0,
ID2314 → ID2316,2,2314,2316,-1.0,2.356194490192345,5.656854249492381,5.656854249492381,38.5,777.5,433.5,0.0,
ID2201 → ID2203,2,2201,2203,-1.0,1.5707963267948966,2.0,2.0,13.5,757.5,446.5,0.0,
ID2205 → ID2207,2,2205,2207,-1.0,1.4056476493802699,8.0,8.0,15.5,763.5,435.5,0.0,
ID2235 → ID2237,2,2235,2237,-1.0,2.79856871316909,8.246211251235321,8.246211251235321,30.5,811.5,418.5,0.0,
ID2286 → ID2288,2,2286,2288,-1.0,2.439335722080786,24.08318915758459,24.08318915758459,24.5,765.5,446.5,0.0,
ID2304 → ID2306,2,2304,2306,-1.0,1.5152978215491797,10.0,10.0,33.5,772.5,441.5,0.0,
ID2223 → ID2225,2,2223,2225,-1.0,0.0,20.396078054371138,20.396078054371138,24.5,785.5,429.5,0.0,
ID2193 → ID2195,2,2193,2195,-1.0,1.2490457723982544,6.324555320336759,6.324555320336759,9.5,748.5,450.5,0.0,
ID2251 → ID2253,2,2251,2253,-1.0,0.3671738338182192,11.313708498984761,11.313708498984761,38.5,853.5,395.5,0.0,
ID2262 → ID2264,2,2262,2264,-1.0,2.819842099193151,8.48528137423857,8.48528137423857,31.5,796.5,436.5,0.0,
ID2264 → ID2266,2,2264,2266,-1.0,1.892546881191539,8.94427190999916,8.94427190999916,32.5,797.5,441.5,0.0,
ID2203 → ID2205,2,2203,2205,-1.0,2.976443976175166,12.165525060596439,12.165525060596439,14.5,758.5,441.5,0.0,
ID2306 → ID2308,2,2306,2308,-1.0,2.0344439357957027,13.416407864998739,13.416407864998739,34.5,778.5,439.5,0.0,
ID2249 → ID2251,2,2249,2251,-1.0,2.401617769613922,19.697715603592208,19.697715603592208,37.5,845.5,408.5,0.0,
ID2512 → ID2514,4,2512,2514,-1.0,2.1587989303424644,16.0,16.0,37.5,1067.5,197.5,0.0,
ID2429 → ID2457,4,2429,2457,-1.0,0.9218007677983957,10.0,10.0,27.5,1054.5,191.5,0.0,
ID2427 → ID2429,4,2427,2429,-1.0,0.8187191592756955,14.560219778561036,14.560219778561036,26.5,1053.5,202.5,0.0,
ID2396 → ID2398,4,2396,2398,-1.0,1.3521273809209546,4.0,4.0,28.5,1055.5,263.5,0.0,
ID2376 → ID2378,4,2376,2378,-1.0,1.0303768265243125,11.661903789690601,11.661903789690601,18.5,1046.5,202.5,0.0,
ID2350 → ID2352,4,2350,2352,-1.0,2.1112158270654806,11.661903789690601,11.661903789690601,10.5,1040.5,222.5,0.0,
ID2398 → ID2400,4,2398,2400,-1.0,0.7853981633974483,2.8284271247461903,2.8284271247461903,29.5,1052.5,262.5,0.0,
ID2429 → ID2431,4,2429,2431,-1.0,2.8632929945846817,10.0,10.0,27.5,1051.5,200.5,0.0,
ID2392 → ID2394,4,2392,2394,-1.0,2.1587989303424644,14.422205101855956,14.422205101855956,26.5,1065.5,239.5,0.0,
ID2378 → ID2380,4,2378,2380,-1.0,2.601173153319209,16.0,16.0,19.5,1049.5,205.5,0.0,
ID2382 → ID2384,4,2382,2384,-1.0,0.0,18.0,18.0,21.5,1049.5,222.5,0.0,
ID2443 → ID2445,4,2443,2445,-1.0,2.8632929945846817,6.0,6.0,34.5,1025.5,210.5,0.0,
ID2394 → ID2396,4,2394,2396,-1.0,0.3693336576736256,18.439088914585774,18.439088914585774,27.5,1059.5,254.5,0.0,
ID2344 → ID2346,4,2344,2346,-1.0,0.047583103276983396,10.198039027185569,10.198039027185569,7.5,1038.5,212.5,0.0,
ID2366 → ID2368,4,2366,2368,-1.0,2.819842099193151,6.324555320336759,6.324555320336759,13.5,1044.5,222.5,0.0,
ID2346 → ID2348,4,2346,2348,-1.0,2.9441970937399127,10.0,10.0,8.5,1037.5,212.5,0.0,
ID2416 → ID2418,4,2416,2418,-1.0,2.8632929945846817,8.0,8.0,38.5,1089.5,253.5,0.0,
ID2348 → ID2350,4,2348,2350,-1.0,1.5707963267948966,6.0,6.0,9.5,1040.5,217.5,0.0,
ID2522 → ID2332,4,2522,2332,-1.0,NaN,8.246211251235321,8.246211251235321,0.5,1049.5,240.5,0.0,
ID2334 → ID2336,4,2334,2336,-1.0,2.677945044588987,2.0,2.0,2.5,1047.5,238.5,0.0,
ID2467 → ID2469,4,2467,2469,-1.0,0.7853981633974483,2.0,2.0,33.5,1056.5,187.5,0.0,
ID2384 → ID2421,4,2384,2421,-1.0,2.498091544796509,10.0,10.0,22.5,1046.5,227.5,0.0,
ID2380 → ID2382,4,2380,2382,-1.0,0.0,0.0,0.0,20.5,1049.5,213.5,0.0,
ID2451 → ID2453,4,2451,2453,-1.0,2.356194490192345,16.0,16.0,38.5,1019.5,235.5,0.0,
ID2338 → ID2340,4,2338,2340,-1.0,1.892546881191539,4.0,4.0,4.5,1047.5,233.5,0.0,
ID2506 → ID2508,4,2506,2508,-1.0,3.141592653589793,8.0,8.0,34.5,1055.5,201.5,0.0,
ID2501 → ID2503,4,2501,2503,-1.0,2.0344439357957027,2.0,2.0,38.5,1061.5,178.5,0.0,
ID2404 → ID2406,4,2404,2406,-1.0,1.837048375945822,7.211102550927978,7.211102550927978,32.5,1062.5,259.5,0.0,
ID2421 → ID2423,4,2421,2423,-1.0,1.7126933813990606,2.8284271247461903,2.8284271247461903,23.5,1042.5,224.5,0.0,
ID2463 → ID2465,4,2463,2465,-1.0,1.373400766945016,2.0,2.0,31.5,1050.5,193.5,0.0,
ID2508 → ID2510,4,2508,2510,-1.0,2.1587989303424644,7.211102550927978,7.211102550927978,35.5,1058.5,199.5,0.0,
ID2441 → ID2443,4,2441,2443,-1.0,0.5232783221319754,14.560219778561036,14.560219778561036,33.5,1023.5,206.5,0.0,
ID2352 → ID2354,4,2352,2354,-1.0,2.356194490192345,8.246211251235321,8.246211251235321,11.5,1041.5,226.5,0.0,
ID2457 → ID2459,4,2457,2459,-1.0,0.6435011087932844,4.0,4.0,28.5,1057.5,185.5,0.0,
ID2388 → ID2390,4,2388,2390,-1.0,2.7367008673047097,10.770329614269007,10.770329614269007,24.5,1053.5,238.5,0.0,
ID2332 → ID2334,4,2332,2334,-1.0,2.279422598922567,4.47213595499958,4.47213595499958,1.5,1046.5,239.5,0.0,
ID2435 → ID2437,4,2435,2437,-1.0,1.8157749899217608,14.142135623730951,14.142135623730951,30.5,1026.5,180.5,0.0,
ID2336 → ID2338,4,2336,2338,-1.0,2.819842099193151,6.324555320336759,6.324555320336759,3.5,1048.5,236.5,0.0,
ID2499 → ID2501,4,2499,2501,-1.0,3.017237659043032,4.47213595499958,4.47213595499958,37.5,1059.5,178.5,0.0,
ID2447 → ID2449,4,2447,2449,-1.0,0.1418970546041639,14.142135623730951,14.142135623730951,36.5,1024.5,224.5,0.0,
ID2372 → ID2374,4,2372,2374,-1.0,1.1902899496825317,4.0,4.0,16.5,1037.5,207.5,0.0,
ID2342 → ID2344,4,2342,2344,-1.0,0.21866894587394195,8.246211251235321,8.246211251235321,6.5,1040.5,221.5,0.0,
ID2374 → ID2376,4,2374,2376,-1.0,3.141592653589793,8.0,8.0,17.5,1039.5,207.5,0.0,
ID2423 → ID2425,4,2423,2425,-1.0,1.2490457723982544,4.47213595499958,4.47213595499958,24.5,1042.5,227.5,0.0,
ID2386 → ID2388,4,2386,2388,-1.0,1.4288992721907328,5.656854249492381,5.656854249492381,23.5,1053.5,241.5,0.0,
ID2425 → ID2427,4,2425,2427,-1.0,2.137525544318403,23.323807579381203,23.323807579381203,25.5,1049.5,219.5,0.0,
ID2340 → ID2342,4,2340,2342,-1.0,1.1071487177940904,8.94427190999916,8.94427190999916,5.5,1043.5,229.5,0.0,
ID2414 → ID2416,4,2414,2416,-1.0,3.0981417581982624,14.560219778561036,14.560219778561036,37.5,1087.5,256.5,0.0,
ID2514 → ID2516,4,2514,2516,-1.0,3.141592653589793,6.0,6.0,38.5,1067.5,192.5,0.0,
ID2402 → ID2404,4,2402,2404,-1.0,1.5707963267948966,6.324555320336759,6.324555320336759,31.5,1058.5,260.5,0.0,
ID2368 → ID2370,4,2368,2370,-1.0,2.819842099193151,8.0,8.0,14.5,1043.5,221.5,0.0,
ID2467 → ID2506,4,2467,2506,-1.0,2.356194490192345,18.0,18.0,33.5,1055.5,196.5,0.0,
ID2437 → ID2439,4,2437,2439,-1.0,2.819842099193151,4.47213595499958,4.47213595499958,31.5,1023.5,184.5,0.0,
ID2406 → ID2408,4,2406,2408,-1.0,0.3097029445424562,14.560219778561036,14.560219778561036,33.5,1072.5,263.5,0.0,
ID2439 → ID2441,4,2439,2441,-1.0,2.279422598922567,16.492422502470642,16.492422502470642,32.5,1023.5,191.5,0.0,
ID2370 → ID2372,4,2370,2372,-1.0,0.3805063771123649,10.770329614269007,10.770329614269007,15.5,1041.5,212.5,0.0,
ID2465 → ID2467,4,2465,2467,-1.0,2.356194490192345,8.48528137423857,8.48528137423857,32.5,1052.5,190.5,0.0,
ID2390 → ID2392,4,2390,2392,-1.0,1.1902899496825317,14.0,14.0,25.5,1062.5,233.5,0.0,
ID2449 → ID2451,4,2449,2451,-1.0,2.214297435588181,5.656854249492381,5.656854249492381,37.5,1021.5,229.5,0.0,
ID2412 → ID2414,4,2412,2414,-1.0,2.214297435588181,6.324555320336759,6.324555320336759,36.5,1086.5,260.5,0.0,
ID2469 → ID2471,4,2469,2471,-1.0,1.1902899496825317,10.770329614269007,10.770329614269007,34.5,1059.5,182.5,0.0,
ID2473 → ID2499,4,2473,2499,-1.0,2.9441970937399127,7.211102550927978,7.211102550927978,36.5,1060.5,177.5,0.0,
ID2461 → ID2463,4,2461,2463,-1.0,1.373400766945016,10.198039027185569,10.198039027185569,30.5,1052.5,188.5,0.0,
ID2384 → ID2386,4,2384,2386,-1.0,0.6435011087932844,10.0,10.0,22.5,1052.5,235.5,0.0,
ID2445 → ID2447,4,2445,2447,-1.0,3.141592653589793,10.0,10.0,35.5,1025.5,212.5,0.0,
ID2433 → ID2435,4,2433,2435,-1.0,0.13432144195296852,23.323807579381203,23.323807579381203,29.5,1037.5,185.5,0.0,
ID2510 → ID2512,4,2510,2512,-1.0,0.0,7.211102550927978,7.211102550927978,36.5,1064.5,203.5,0.0,
ID2410 → ID2412,4,2410,2412,-1.0,0.9272952180016122,6.324555320336759,6.324555320336759,35.5,1084.5,258.5,0.0,
ID2471 → ID2473,4,2471,2473,-1.0,0.4048917862850834,2.8284271247461903,2.8284271247461903,35.5,1062.5,176.5,0.0,
ID2400 → ID2402,4,2400,2402,-1.0,2.677945044588987,6.324555320336759,6.324555320336759,30.5,1054.5,262.5,0.0,
ID2354 → ID2366,4,2354,2366,-1.0,1.3258176636680326,6.0,6.0,12.5,1045.5,222.5,0.0,
ID2431 → ID2433,4,2431,2433,-1.0,2.4668517113662407,12.806248474865697,12.806248474865697,28.5,1047.5,200.5,0.0,
ID2459 → ID2461,4,2459,2461,-1.0,1.5707963267948966,4.0,4.0,29.5,1055.5,183.5,0.0,
ID2408 → ID2410,4,2408,2410,-1.0,1.5273454314033659,6.324555320336759,6.324555320336759,34.5,1080.5,262.5,0.0,
ID2540 → ID2542,7,2540,2542,-1.0,1.7359450042095235,12.165525060596439,12.165525060596439,7.5,234.5,761.5,0.0,
ID2650 → ID2652,7,2650,2652,-1.0,1.4940244355251187,6.324555320336759,6.324555320336759,19.5,182.5,794.5,0.0,
ID2608 → ID2613,7,2608,2613,-1.0,3.141592653589793,2.0,2.0,25.5,193.5,640.5,0.0,
ID2662 → ID2664,7,2662,2664,-1.0,1.2490457723982544,6.324555320336759,6.324555320336759,25.5,206.5,768.5,0.0,
ID2590 → ID2592,7,2590,2592,-1.0,0.11065722117389563,58.0,58.0,16.5,177.5,714.5,0.0,
ID2536 → ID2538,7,2536,2538,-1.0,2.498091544796509,8.0,8.0,5.5,245.5,767.5,0.0,
ID2637 → ID2639,7,2637,2639,-1.0,2.9340964271545906,10.198039027185569,10.198039027185569,38.5,202.5,602.5,0.0,
ID2600 → ID2602,7,2600,2602,-1.0,0.8368989743486738,14.560219778561036,14.560219778561036,21.5,197.5,664.5,0.0,
ID2598 → ID2600,7,2598,2600,-1.0,2.5829933382462307,18.867962264113206,18.867962264113206,20.5,194.5,679.5,0.0,
ID2621 → ID2623,7,2621,2623,-1.0,2.5849933355795707,14.560219778561036,14.560219778561036,30.5,189.5,640.5,0.0,
ID2652 → ID2654,7,2652,2654,-1.0,3.141592653589793,18.973665961010276,18.973665961010276,20.5,184.5,788.5,0.0,
ID2633 → ID2635,7,2633,2635,-1.0,0.3217505543966422,4.0,4.0,36.5,197.5,613.5,0.0,
ID2534 → ID2536,7,2534,2536,-1.0,2.961739153797315,10.0,10.0,4.5,245.5,764.5,0.0,
ID2656 → ID2658,7,2656,2658,-1.0,1.650626312507134,16.492422502470642,16.492422502470642,22.5,209.5,767.5,0.0,
ID2528 → ID2530,7,2528,2530,-1.0,0.6610431688506868,16.1245154965971,16.1245154965971,1.5,254.5,755.5,0.0,
ID2625 → ID2627,7,2625,2627,-1.0,1.892546881191539,5.656854249492381,5.656854249492381,32.5,189.5,629.5,0.0,
ID2629 → ID2631,7,2629,2631,-1.0,1.9756881130799802,10.770329614269007,10.770329614269007,34.5,193.5,626.5,0.0,
ID2666 → ID2668,7,2666,2668,-1.0,0.7853981633974483,14.0,14.0,27.5,216.5,763.5,0.0,
ID2586 → ID2588,7,2586,2588,-1.0,3.064820762320015,8.246211251235321,8.246211251235321,14.5,180.5,765.5,0.0,
ID2588 → ID2644,7,2588,2644,-1.0,2.5535900500422257,29.732137494637012,29.732137494637012,15.5,174.5,775.5,0.0,
ID2688 → ID2690,7,2688,2690,-1.0,3.017237659043032,4.47213595499958,4.47213595499958,38.5,220.5,787.5,0.0,
ID2676 → ID2678,7,2676,2678,-1.0,2.214297435588181,2.8284271247461903,2.8284271247461903,32.5,218.5,774.5,0.0,
ID2604 → ID2606,7,2604,2606,-1.0,1.730709449953116,8.246211251235321,8.246211251235321,23.5,197.5,642.5,0.0,
ID2617 → ID2619,7,2617,2619,-1.0,1.2490457723982544,6.324555320336759,6.324555320336759,28.5,194.5,636.5,0.0,
ID2615 → ID2617,7,2615,2617,-1.0,2.677945044588987,4.0,4.0,27.5,191.5,639.5,0.0,
ID2606 → ID2608,7,2606,2608,-1.0,1.3258176636680326,2.0,2.0,24.5,193.5,640.5,0.0,
ID2635 → ID2637,7,2635,2637,-1.0,0.4048917862850834,15.231546211727817,15.231546211727817,37.5,200.5,604.5,0.0,
ID2678 → ID2680,7,2678,2680,-1.0,2.1112158270654806,8.246211251235321,8.246211251235321,33.5,216.5,777.5,0.0,
ID2684 → ID2686,7,2684,2686,-1.0,0.7086262721276703,6.324555320336759,6.324555320336759,36.5,220.5,790.5,0.0,
ID2542 → ID2571,7,2542,2571,-1.0,2.2550911184560465,16.1245154965971,16.1245154965971,8.5,228.5,759.5,0.0,
ID2670 → ID2672,7,2670,2672,-1.0,2.0344439357957027,5.656854249492381,5.656854249492381,29.5,227.5,759.5,0.0,
ID2584 → ID2586,7,2584,2586,-1.0,2.677945044588987,6.324555320336759,6.324555320336759,13.5,180.5,766.5,0.0,
ID2594 → ID2596,7,2594,2596,-1.0,1.4876550949064553,15.231546211727817,15.231546211727817,18.5,186.5,680.5,0.0,
ID2596 → ID2598,7,2596,2598,-1.0,2.7367008673047097,14.0,14.0,19.5,189.5,680.5,0.0,
ID2682 → ID2684,7,2682,2684,-1.0,2.5748634360662868,11.661903789690601,11.661903789690601,35.5,214.5,784.5,0.0,
ID2526 → ID2528,7,2526,2528,-1.0,NaN,5.656854249492381,5.656854249492381,0.5,257.5,765.5,0.0,
ID2571 → ID2573,7,2571,2573,-1.0,0.8408966686431651,6.324555320336759,6.324555320336759,9.5,218.5,762.5,0.0,
ID2680 → ID2682,7,2680,2682,-1.0,1.7894652726688387,4.47213595499958,4.47213595499958,34.5,213.5,780.5,0.0,
ID2627 → ID2629,7,2627,2629,-1.0,3.141592653589793,5.656854249492381,5.656854249492381,33.5,189.5,629.5,0.0,
ID2592 → ID2594,7,2592,2594,-1.0,1.892546881191539,6.324555320336759,6.324555320336759,17.5,180.5,686.5,0.0,
ID2644 → ID2646,7,2644,2646,-1.0,0.9865250492139878,10.0,10.0,16.5,172.5,793.5,0.0,
ID2631 → ID2633,7,2631,2633,-1.0,0.058755822715722696,6.324555320336759,6.324555320336759,35.5,196.5,618.5,0.0,
ID2577 → ID2584,7,2577,2584,-1.0,2.1112158270654806,11.313708498984761,11.313708498984761,12.5,183.5,767.5,0.0,
ID2664 → ID2666,7,2664,2666,-1.0,2.677945044588987,8.48528137423857,8.48528137423857,26.5,206.5,766.5,0.0,
ID2623 → ID2625,7,2623,2625,-1.0,1.3854483767992019,4.47213595499958,4.47213595499958,31.5,189.5,632.5,0.0,
ID2668 → ID2670,7,2668,2670,-1.0,0.3217505543966422,6.324555320336759,6.324555320336759,28.5,226.5,762.5,0.0,
ID2660 → ID2662,7,2660,2662,-1.0,0.7853981633974483,6.0,6.0,24.5,209.5,764.5,0.0,
ID2648 → ID2650,7,2648,2650,-1.0,2.651635327336065,8.246211251235321,8.246211251235321,18.5,187.5,792.5,0.0,
ID2538 → ID2540,7,2538,2540,-1.0,0.0,8.0,8.0,6.5,237.5,767.5,0.0,
ID2654 → ID2656,7,2654,2656,-1.0,1.0838970949836275,24.331050121192877,24.331050121192877,21.5,199.5,777.5,0.0,
ID2530 → ID2532,7,2530,2532,-1.0,2.5535900500422257,17.88854381999832,17.88854381999832,2.5,249.5,755.5,0.0,
ID2658 → ID2660,7,2658,2660,-1.0,2.601173153319209,2.8284271247461903,2.8284271247461903,23.5,208.5,760.5,0.0,
ID2686 → ID2688,7,2686,2688,-1.0,2.4805494847391065,7.211102550927978,7.211102550927978,37.5,221.5,788.5,0.0,
ID2674 → ID2676,7,2674,2676,-1.0,0.6435011087932844,14.142135623730951,14.142135623730951,31.5,220.5,768.5,0.0,
ID2575 → ID2577,7,2575,2577,-1.0,1.2490457723982544,8.246211251235321,8.246211251235321,11.5,188.5,767.5,0.0,
ID2613 → ID2615,7,2613,2615,-1.0,2.0344439357957027,4.47213595499958,4.47213595499958,26.5,191.5,640.5,0.0,
ID2573 → ID2575,7,2573,2575,-1.0,0.3985224456664202,26.076809620810597,26.076809620810597,10.5,202.5,762.5,0.0,
ID2619 → ID2621,7,2619,2621,-1.0,3.0981417581982624,14.560219778561036,14.560219778561036,29.5,193.5,640.5,0.0,
ID2672 → ID2674,7,2672,2674,-1.0,1.5707963267948966,5.656854249492381,5.656854249492381,30.5,223.5,759.5,0.0,
ID2532 → ID2534,7,2532,2534,-1.0,1.5707963267948966,4.47213595499958,4.47213595499958,3.5,243.5,762.5,0.0,
ID2588 → ID2590,7,2588,2590,-1.0,0.13432144195296852,18.110770276274835,18.110770276274835,15.5,178.5,752.5,0.0,
ID2602 → ID2604,7,2602,2604,-1.0,0.6831914452901948,15.231546211727817,15.231546211727817,22.5,198.5,650.5,0.0,
ID2646 → ID2648,7,2646,2648,-1.0,1.1722738811284763,16.492422502470642,16.492422502470642,17.5,183.5,795.5,0.0,
ID2767 → ID2769,10,2767,2769,-1.0,2.677945044588987,4.0,4.0,30.5,1067.5,725.5,0.0,
ID2728 → ID2730,10,2728,2730,-1.0,1.1902899496825317,2.8284271247461903,2.8284271247461903,11.5,1080.5,722.5,0.0,
ID2750 → ID2753,10,2750,2753,-1.0,0.0,6.324555320336759,6.324555320336759,22.5,1058.5,722.5,0.0,
ID2732 → ID2734,10,2732,2734,-1.0,0.4048917862850834,5.656854249492381,5.656854249492381,13.5,1067.5,727.5,0.0,
ID2759 → ID2761,10,2759,2761,-1.0,2.601173153319209,5.656854249492381,5.656854249492381,26.5,1065.5,729.5,0.0,
ID2757 → ID2759,10,2757,2759,-1.0,1.9138202672156002,8.246211251235321,8.246211251235321,25.5,1066.5,727.5,0.0,
ID2742 → ID2744,10,2742,2744,-1.0,2.356194490192345,6.324555320336759,6.324555320336759,18.5,1060.5,724.5,0.0,
ID2779 → ID2781,10,2779,2781,-1.0,2.819842099193151,2.8284271247461903,2.8284271247461903,36.5,1058.5,742.5,0.0,
ID2781 → ID2783,10,2781,2783,-1.0,0.3217505543966422,8.94427190999916,8.94427190999916,37.5,1055.5,737.5,0.0,
ID2746 → ID2748,10,2746,2748,-1.0,3.058451421701352,8.94427190999916,8.94427190999916,20.5,1055.5,729.5,0.0,
ID2734 → ID2736,10,2734,2736,-1.0,2.356194490192345,8.0,8.0,14.5,1065.5,725.5,0.0,
ID2730 → ID2732,10,2730,2732,-1.0,1.1659045405098132,10.770329614269007,10.770329614269007,12.5,1074.5,723.5,0.0,
ID2710 → ID2712,10,2710,2712,-1.0,2.2318394956455836,8.94427190999916,8.94427190999916,2.5,1095.5,709.5,0.0,
ID2697 → ID2699,10,2697,2699,-1.0,NaN,26.90724809414742,26.90724809414742,0.5,1087.5,726.5,0.0,
ID2722 → ID2724,10,2722,2724,-1.0,1.8662371639386166,11.661903789690601,11.661903789690601,8.5,1096.5,708.5,0.0,
ID2716 → ID2718,10,2716,2718,-1.0,2.896613990462929,8.246211251235321,8.246211251235321,5.5,1084.5,721.5,0.0,
ID2720 → ID2722,10,2720,2722,-1.0,1.5971060440478189,8.246211251235321,8.246211251235321,7.5,1102.5,709.5,0.0,
ID2763 → ID2765,10,2763,2765,-1.0,2.984990776607778,12.649110640673518,12.649110640673518,28.5,1063.5,733.5,0.0,
ID2736 → ID2738,10,2736,2738,-1.0,1.5707963267948966,2.0,2.0,15.5,1066.5,721.5,0.0,
ID2738 → ID2740,10,2738,2740,-1.0,3.141592653589793,6.0,6.0,16.5,1064.5,721.5,0.0,
ID2724 → ID2726,10,2724,2726,-1.0,1.6183794300718801,7.211102550927978,7.211102550927978,9.5,1093.5,714.5,0.0,
ID2755 → ID2757,10,2755,2757,-1.0,2.1587989303424644,7.211102550927978,7.211102550927978,24.5,1062.5,725.5,0.0,
ID2775 → ID2777,10,2775,2777,-1.0,2.356194490192345,5.656854249492381,5.656854249492381,34.5,1059.5,741.5,0.0,
ID2714 → ID2716,10,2714,2716,-1.0,0.6747409422235527,4.0,4.0,4.5,1083.5,723.5,0.0,
ID2773 → ID2775,10,2773,2775,-1.0,0.0,8.0,8.0,33.5,1061.5,739.5,0.0,
ID2769 → ID2771,10,2769,2771,-1.0,0.7853981633974483,5.656854249492381,5.656854249492381,31.5,1063.5,727.5,0.0,
ID2726 → ID2728,10,2726,2728,-1.0,1.7539071440573808,15.231546211727817,15.231546211727817,10.5,1088.5,720.5,0.0,
ID2753 → ID2755,10,2753,2755,-1.0,2.819842099193151,8.0,8.0,23.5,1059.5,723.5,0.0,
ID2748 → ID2750,10,2748,2750,-1.0,0.0,0.0,0.0,21.5,1057.5,725.5,0.0,
ID2777 → ID2779,10,2777,2779,-1.0,2.819842099193151,4.47213595499958,4.47213595499958,35.5,1058.5,741.5,0.0,
ID2740 → ID2742,10,2740,2742,-1.0,2.0344439357957027,4.47213595499958,4.47213595499958,17.5,1062.5,723.5,0.0,
ID2712 → ID2714,10,2712,2714,-1.0,0.4324077755705379,12.806248474865697,12.806248474865697,3.5,1087.5,716.5,0.0,
ID2783 → ID2785,10,2783,2785,-1.0,2.4329663814621227,8.246211251235321,8.246211251235321,38.5,1052.5,737.5,0.0,
ID2718 → ID2720,10,2718,2720,-1.0,1.1071487177940904,18.439088914585774,18.439088914585774,6.5,1094.5,715.5,0.0,
ID2699 → ID2710,10,2699,2710,-1.0,0.6405856651585093,10.198039027185569,10.198039027185569,1.5,1098.5,712.5,0.0,
ID2761 → ID2763,10,2761,2763,-1.0,2.191045812777718,12.165525060596439,12.165525060596439,27.5,1062.5,733.5,0.0,
ID2771 → ID2773,10,2771,2773,-1.0,0.7853981633974483,6.0,6.0,32.5,1061.5,732.5,0.0,
ID2744 → ID2746,10,2744,2746,-1.0,1.512040504079174,10.770329614269007,10.770329614269007,19.5,1055.5,728.5,0.0,
ID2765 → ID2767,10,2765,2767,-1.0,0.7853981633974483,4.47213595499958,4.47213595499958,29.5,1067.5,726.5,0.0,
ID2968 → ID2970,13,2968,2970,-1.0,1.884416979011595,11.661903789690601,11.661903789690601,25.5,222.5,284.5,0.0,
ID2963 → ID2965,13,2963,2965,-1.0,0.5404195002705842,14.0,14.0,23.5,192.5,273.5,0.0,
ID2916 → ID2919,13,2916,2919,-1.0,NaN,22.360679774997898,22.360679774997898,0.5,218.5,299.5,0.0,
ID3018 → ID3020,13,3018,3020,-1.0,1.7681918866447774,30.59411708155671,30.59411708155671,33.5,258.5,276.5,0.0,
ID2953 → ID2955,13,2953,2955,-1.0,0.3217505543966422,4.47213595499958,4.47213595499958,18.5,155.5,262.5,0.0,
ID2929 → ID2931,13,2929,2931,-1.0,0.6842947916611498,12.165525060596439,12.165525060596439,6.5,169.5,278.5,0.0,
ID2959 → ID2961,13,2959,2961,-1.0,0.7419472680059175,8.94427190999916,8.94427190999916,21.5,171.5,265.5,0.0,
ID3029 → ID3031,13,3029,3031,-1.0,2.9441970937399127,7.211102550927978,7.211102550927978,36.5,317.5,230.5,0.0,
ID2955 → ID2957,13,2955,2957,-1.0,1.892546881191539,5.656854249492381,5.656854249492381,19.5,155.5,265.5,0.0,
ID2919 → ID2921,13,2919,2921,-1.0,0.6055446636049701,19.79898987322333,19.79898987322333,1.5,200.5,290.5,0.0,
ID3006 → ID3008,13,3006,3008,-1.0,2.498091544796509,14.142135623730951,14.142135623730951,27.5,240.5,278.5,0.0,
ID2941 → ID2943,13,2941,2943,-1.0,1.9513027039072617,10.770329614269007,10.770329614269007,12.5,131.5,266.5,0.0,
ID2994 → ID2996,13,2994,2996,-1.0,2.79856871316909,14.422205101855956,14.422205101855956,38.5,119.5,265.5,0.0,
ID2982 → ID2984,13,2982,2984,-1.0,0.2810877558698993,32.0624390837628,32.0624390837628,32.5,163.5,290.5,0.0,
ID3020 → ID3027,13,3020,3027,-1.0,0.5880026035475675,45.254833995939045,45.254833995939045,34.5,289.5,257.5,0.0,
ID2937 → ID2939,13,2937,2939,-1.0,1.849095985800008,14.560219778561036,14.560219778561036,10.5,132.5,273.5,0.0,
ID2970 → ID2972,13,2970,2972,-1.0,2.1112158270654806,6.0,6.0,26.5,222.5,289.5,0.0,
ID2986 → ID2988,13,2986,2988,-1.0,2.2455372690184494,18.110770276274835,18.110770276274835,34.5,138.5,288.5,0.0,
ID2990 → ID2992,13,2990,2992,-1.0,0.3217505543966422,12.649110640673518,12.649110640673518,36.5,125.5,277.5,0.0,
ID2923 → ID2925,13,2923,2925,-1.0,2.875340604438868,4.47213595499958,4.47213595499958,3.5,185.5,284.5,0.0,
ID3016 → ID3018,13,3016,3018,-1.0,2.0344439357957027,4.0,4.0,32.5,243.5,277.5,0.0,
ID2961 → ID2963,13,2961,2963,-1.0,0.07677189126977804,11.661903789690601,11.661903789690601,22.5,180.5,270.5,0.0,
ID3027 → ID3029,13,3027,3029,-1.0,0.0,19.79898987322333,19.79898987322333,35.5,312.5,234.5,0.0,
ID3004 → ID3006,13,3004,3006,-1.0,2.356194490192345,5.656854249492381,5.656854249492381,26.5,239.5,273.5,0.0,
ID2974 → ID2976,13,2974,2976,-1.0,2.922923707715851,13.416407864998739,13.416407864998739,28.5,224.5,291.5,0.0,
ID2931 → ID2933,13,2931,2933,-1.0,0.9505468408120751,11.313708498984761,11.313708498984761,7.5,159.5,275.5,0.0,
ID3002 → ID3004,13,3002,3004,-1.0,1.5707963267948966,2.0,2.0,25.5,237.5,274.5,0.0,
ID3031 → ID3033,13,3031,3033,-1.0,2.5535900500422257,10.0,10.0,37.5,315.5,228.5,0.0,
ID2992 → ID2994,13,2992,2994,-1.0,1.0040671092713902,16.492422502470642,16.492422502470642,37.5,117.5,267.5,0.0,
ID2939 → ID2941,13,2939,2941,-1.0,2.8632929945846817,8.0,8.0,11.5,129.5,271.5,0.0,
ID3014 → ID3016,13,3014,3016,-1.0,2.819842099193151,4.47213595499958,4.47213595499958,31.5,245.5,276.5,0.0,
ID2965 → ID3002,13,2965,3002,-1.0,0.0,38.0,38.0,24.5,218.5,273.5,0.0,
ID2921 → ID2923,13,2921,2923,-1.0,0.982793723247329,10.198039027185569,10.198039027185569,2.5,188.5,284.5,0.0,
ID3033 → ID3035,13,3033,3035,-1.0,2.356194490192345,5.656854249492381,5.656854249492381,38.5,313.5,225.5,0.0,
ID2949 → ID2951,13,2949,2951,-1.0,2.5535900500422257,7.211102550927978,7.211102550927978,16.5,142.5,257.5,0.0,
ID3012 → ID3014,13,3012,3014,-1.0,0.7853981633974483,2.8284271247461903,2.8284271247461903,30.5,246.5,276.5,0.0,
ID2947 → ID2949,13,2947,2949,-1.0,1.0303768265243125,14.0,14.0,15.5,138.5,255.5,0.0,
ID3010 → ID3012,13,3010,3012,-1.0,2.819842099193151,8.0,8.0,29.5,245.5,271.5,0.0,
ID3008 → ID3010,13,3008,3010,-1.0,2.961739153797315,18.973665961010276,18.973665961010276,28.5,242.5,276.5,0.0,
ID2980 → ID2982,13,2980,2982,-1.0,0.3430239404207034,18.439088914585774,18.439088914585774,31.5,188.5,289.5,0.0,
ID2951 → ID2953,13,2951,2953,-1.0,2.4116929954380617,14.142135623730951,14.142135623730951,17.5,146.5,260.5,0.0,
ID2945 → ID2947,13,2945,2947,-1.0,2.896613990462929,11.661903789690601,11.661903789690601,14.5,128.5,260.5,0.0,
ID2927 → ID2929,13,2927,2929,-1.0,2.875340604438868,16.1245154965971,16.1245154965971,5.5,182.5,281.5,0.0,
ID2957 → ID2959,13,2957,2959,-1.0,2.6344941491974563,14.560219778561036,14.560219778561036,20.5,160.5,265.5,0.0,
ID2978 → ID2980,13,2978,2980,-1.0,0.5880026035475675,16.1245154965971,16.1245154965971,30.5,205.5,288.5,0.0,
ID2943 → ID2945,13,2943,2945,-1.0,1.9756881130799802,5.656854249492381,5.656854249492381,13.5,127.5,263.5,0.0,
ID2933 → ID2935,13,2933,2935,-1.0,0.7853981633974483,16.0,16.0,8.5,147.5,271.5,0.0,
ID2925 → ID2927,13,2925,2927,-1.0,1.2490457723982544,2.8284271247461903,2.8284271247461903,4.5,188.5,284.5,0.0,
ID2965 → ID2968,13,2965,2968,-1.0,0.2267988480538859,26.68332812825267,26.68332812825267,24.5,212.5,276.5,0.0,
ID2976 → ID2978,13,2976,2978,-1.0,1.5707963267948966,8.94427190999916,8.94427190999916,29.5,217.5,287.5,0.0,
ID2935 → ID2937,13,2935,2937,-1.0,1.5707963267948966,4.0,4.0,9.5,139.5,273.5,0.0,
ID2972 → ID2974,13,2972,2974,-1.0,1.3258176636680326,8.246211251235321,8.246211251235321,27.5,226.5,293.5,0.0,
ID2984 → ID2986,13,2984,2986,-1.0,0.8478169733934057,11.313708498984761,11.313708498984761,33.5,143.5,293.5,0.0,
ID2988 → ID2990,13,2988,2990,-1.0,1.460139105621001,6.0,6.0,35.5,134.5,279.5,0.0,
ID3058 → ID3060,14,3058,3060,-1.0,1.5707963267948966,6.0,6.0,9.5,878.5,887.5,0.0,
ID3084 → ID3086,14,3084,3086,-1.0,0.8960553845713439,12.806248474865697,12.806248474865697,22.5,862.5,879.5,0.0,
ID3108 → ID3110,14,3108,3110,-1.0,3.038511045067093,14.142135623730951,14.142135623730951,34.5,868.5,882.5,0.0,
ID3078 → ID3080,14,3078,3080,-1.0,1.5707963267948966,12.649110640673518,12.649110640673518,19.5,857.5,887.5,0.0,
ID3050 → ID3052,14,3050,3052,-1.0,0.0,0.0,0.0,5.5,875.5,883.5,0.0,
ID3046 → ID3048,14,3046,3048,-1.0,0.0,0.0,0.0,3.5,877.5,879.5,0.0,
ID3104 → ID3106,14,3104,3106,-1.0,1.8157749899217608,8.0,8.0,32.5,867.5,885.5,0.0,
ID3074 → ID3076,14,3074,3076,-1.0,2.1587989303424644,10.198039027185569,10.198039027185569,17.5,860.5,882.5,0.0,
ID3060 → ID3062,14,3060,3062,-1.0,2.761086276477428,10.770329614269007,10.770329614269007,10.5,876.5,889.5,0.0,
ID3076 → ID3078,14,3076,3078,-1.0,3.017237659043032,6.324555320336759,6.324555320336759,18.5,862.5,882.5,0.0,
ID3048 → ID3050,14,3048,3050,-1.0,0.0,4.47213595499958,4.47213595499958,4.5,876.5,881.5,0.0,
ID3102 → ID3104,14,3102,3104,-1.0,2.922923707715851,8.246211251235321,8.246211251235321,31.5,871.5,888.5,0.0,
ID3044 → ID3046,14,3044,3046,-1.0,0.6202494859828215,8.0,8.0,2.5,881.5,879.5,0.0,
ID3042 → ID3044,14,3042,3044,-1.0,0.5917761705415029,17.204650534085253,17.204650534085253,1.5,892.5,884.5,0.0,
ID3100 → ID3102,14,3100,3102,-1.0,2.677945044588987,8.94427190999916,8.94427190999916,30.5,871.5,889.5,0.0,
ID3066 → ID3068,14,3066,3068,-1.0,2.547842986879022,23.40939982143925,23.40939982143925,13.5,867.5,880.5,0.0,
ID3062 → ID3064,14,3062,3064,-1.0,2.0931997585114255,14.142135623730951,14.142135623730951,11.5,872.5,884.5,0.0,
ID3098 → ID3100,14,3098,3100,-1.0,1.5707963267948966,4.0,4.0,29.5,869.5,891.5,0.0,
ID3068 → ID3070,14,3068,3070,-1.0,2.471071095609244,12.649110640673518,12.649110640673518,14.5,861.5,885.5,0.0,
ID3064 → ID3066,14,3064,3066,-1.0,0.3868757177310281,8.246211251235321,8.246211251235321,12.5,872.5,873.5,0.0,
ID3086 → ID3088,14,3086,3088,-1.0,2.8473580884786056,10.770329614269007,10.770329614269007,23.5,862.5,877.5,0.0,
ID3116 → ID3118,14,3116,3118,-1.0,0.0,0.0,0.0,38.5,865.5,857.5,0.0,
ID3090 → ID3092,14,3090,3092,-1.0,1.5707963267948966,8.94427190999916,8.94427190999916,25.5,867.5,879.5,0.0,
ID3112 → ID3114,14,3112,3114,-1.0,1.5707963267948966,2.0,2.0,36.5,863.5,874.5,0.0,
ID3110 → ID3112,14,3110,3112,-1.0,1.4288992721907328,4.0,4.0,35.5,865.5,875.5,0.0,
ID3070 → ID3072,14,3070,3072,-1.0,0.7853981633974483,4.47213595499958,4.47213595499958,15.5,860.5,877.5,0.0,
ID3114 → ID3116,14,3114,3116,-1.0,0.12435499454676144,16.1245154965971,16.1245154965971,37.5,864.5,865.5,0.0,
ID3080 → ID3082,14,3080,3082,-1.0,3.141592653589793,6.324555320336759,6.324555320336759,20.5,856.5,890.5,0.0,
ID3054 → ID3056,14,3054,3056,-1.0,2.5535900500422257,10.198039027185569,10.198039027185569,7.5,874.5,880.5,0.0,
ID3072 → ID3074,14,3072,3074,-1.0,2.819842099193151,8.48528137423857,8.48528137423857,16.5,858.5,878.5,0.0,
ID3040 → ID3042,14,3040,3042,-1.0,NaN,17.08800749063506,17.08800749063506,0.5,902.5,897.5,0.0,
ID3056 → ID3058,14,3056,3058,-1.0,2.9441970937399127,12.0,12.0,8.5,875.5,881.5,0.0,
ID3096 → ID3098,14,3096,3098,-1.0,3.0419240010986313,2.0,2.0,28.5,871.5,892.5,0.0,
ID3094 → ID3096,14,3094,3096,-1.0,3.0419240010986313,20.09975124224178,20.09975124224178,27.5,870.5,883.5,0.0,
ID3106 → ID3108,14,3106,3108,-1.0,2.896613990462929,8.246211251235321,8.246211251235321,33.5,868.5,885.5,0.0,
ID3092 → ID3094,14,3092,3094,-1.0,2.677945044588987,10.0,10.0,26.5,869.5,878.5,0.0,
ID3088 → ID3090,14,3088,3090,-1.0,3.058451421701352,8.94427190999916,8.94427190999916,24.5,861.5,877.5,0.0,
ID3052 → ID3054,14,3052,3054,-1.0,0.0,2.8284271247461903,2.8284271247461903,6.5,874.5,884.5,0.0,
ID3082 → ID3084,14,3082,3084,-1.0,0.3217505543966422,4.0,4.0,21.5,857.5,885.5,0.0,
ID3175 → ID3177,15,3175,3177,-1.0,1.1071487177940904,10.0,10.0,25.5,965.5,458.5,0.0,
ID3137 → ID3139,15,3137,3139,-1.0,2.819842099193151,5.656854249492381,5.656854249492381,6.5,1001.5,487.5,0.0,
ID3127 → ID3129,15,3127,3129,-1.0,1.1071487177940904,13.416407864998739,13.416407864998739,1.5,1000.5,483.5,0.0,
ID3201 → ID3203,15,3201,3203,-1.0,0.1418970546041639,4.0,4.0,38.5,931.5,429.5,0.0,
ID3195 → ID3197,15,3195,3197,-1.0,1.5707963267948966,8.0,8.0,35.5,943.5,437.5,0.0,
ID3187 → ID3189,15,3187,3189,-1.0,0.5880026035475675,4.0,4.0,31.5,947.5,445.5,0.0,
ID3161 → ID3163,15,3161,3163,-1.0,2.5535900500422257,4.0,4.0,18.5,971.5,467.5,0.0,
ID3199 → ID3201,15,3199,3201,-1.0,2.356194490192345,14.142135623730951,14.142135623730951,37.5,932.5,438.5,0.0,
ID3181 → ID3183,15,3181,3183,-1.0,3.141592653589793,8.0,8.0,28.5,963.5,455.5,0.0,
ID3173 → ID3175,15,3173,3175,-1.0,2.677945044588987,8.94427190999916,8.94427190999916,24.5,961.5,451.5,0.0,
ID3167 → ID3169,15,3167,3169,-1.0,1.9756881130799802,10.770329614269007,10.770329614269007,21.5,957.5,466.5,0.0,
ID3133 → ID3135,15,3133,3135,-1.0,2.0344439357957027,4.0,4.0,4.5,999.5,485.5,0.0,
ID3163 → ID3165,15,3163,3165,-1.0,0.24497866312686414,8.246211251235321,8.246211251235321,19.5,965.5,468.5,0.0,
ID3153 → ID3155,15,3153,3155,-1.0,2.461071428922579,17.08800749063506,17.08800749063506,14.5,980.5,471.5,0.0,
ID3147 → ID3149,15,3147,3149,-1.0,1.9513027039072617,10.770329614269007,10.770329614269007,11.5,979.5,482.5,0.0,
ID3201 → ID3207,15,3201,3207,-1.0,2.0724003809840172,10.0,10.0,38.5,927.5,434.5,0.0,
ID3159 → ID3161,15,3159,3161,-1.0,2.2318394956455836,7.211102550927978,7.211102550927978,17.5,970.5,465.5,0.0,
ID3151 → ID3153,15,3151,3153,-1.0,2.677945044588987,6.324555320336759,6.324555320336759,13.5,984.5,476.5,0.0,
ID3191 → ID3193,15,3191,3193,-1.0,2.356194490192345,11.313708498984761,11.313708498984761,33.5,943.5,449.5,0.0,
ID3185 → ID3187,15,3185,3187,-1.0,0.3430239404207034,7.211102550927978,7.211102550927978,30.5,952.5,447.5,0.0,
ID3125 → ID3127,15,3125,3127,-1.0,NaN,8.0,8.0,0.5,1007.5,489.5,0.0,
ID3143 → ID3145,15,3143,3145,-1.0,0.9272952180016122,4.0,4.0,9.5,989.5,487.5,0.0,
ID3171 → ID3173,15,3171,3173,-1.0,2.0344439357957027,4.0,4.0,23.5,959.5,449.5,0.0,
ID3169 → ID3171,15,3169,3171,-1.0,0.844153986113171,13.416407864998739,13.416407864998739,22.5,958.5,455.5,0.0,
ID3179 → ID3181,15,3179,3181,-1.0,2.819842099193151,2.0,2.0,27.5,963.5,458.5,0.0,
ID3149 → ID3151,15,3149,3151,-1.0,0.4048917862850834,5.656854249492381,5.656854249492381,12.5,983.5,475.5,0.0,
ID3157 → ID3159,15,3157,3159,-1.0,0.7853981633974483,6.324555320336759,6.324555320336759,16.5,970.5,462.5,0.0,
ID3131 → ID3133,15,3131,3133,-1.0,2.279422598922567,4.47213595499958,4.47213595499958,3.5,997.5,484.5,0.0,
ID3145 → ID3147,15,3145,3147,-1.0,0.0,10.0,10.0,10.5,982.5,487.5,0.0,
ID3139 → ID3141,15,3139,3141,-1.0,0.4636476090008061,6.324555320336759,6.324555320336759,7.5,998.5,482.5,0.0,
ID3193 → ID3195,15,3193,3195,-1.0,2.356194490192345,16.0,16.0,34.5,947.5,445.5,0.0,
ID3165 → ID3167,15,3165,3167,-1.0,0.5404195002705842,2.8284271247461903,2.8284271247461903,20.5,960.5,470.5,0.0,
ID3197 → ID3199,15,3197,3199,-1.0,0.9272952180016122,10.0,10.0,36.5,936.5,441.5,0.0,
ID3183 → ID3185,15,3183,3185,-1.0,1.3258176636680326,8.246211251235321,8.246211251235321,29.5,959.5,450.5,0.0,
ID3177 → ID3179,15,3177,3179,-1.0,2.819842099193151,6.324555320336759,6.324555320336759,26.5,964.5,460.5,0.0,
ID3155 → ID3157,15,3155,3157,-1.0,0.7483780475235183,4.47213595499958,4.47213595499958,15.5,975.5,462.5,0.0,
ID3141 → ID3143,15,3141,3143,-1.0,2.1763409903998667,10.0,10.0,8.5,994.5,483.5,0.0,
ID3189 → ID3191,15,3189,3191,-1.0,0.0,6.0,6.0,32.5,942.5,445.5,0.0,
ID3129 → ID3131,15,3129,3131,-1.0,2.4329663814621227,8.246211251235321,8.246211251235321,2.5,996.5,481.5,0.0,
ID3135 → ID3137,15,3135,3137,-1.0,1.1071487177940904,4.47213595499958,4.47213595499958,5.5,1001.5,488.5,0.0,
ID3327 → ID3329,16,3327,3329,-1.0,0.26299473168091947,20.0,20.0,33.5,313.5,509.5,0.0,
ID3335 → ID3337,16,3335,3337,-1.0,0.5541172736434499,28.635642126552707,28.635642126552707,37.5,185.5,538.5,0.0,
ID3317 → ID3319,16,3317,3319,-1.0,2.976443976175166,10.0,10.0,28.5,355.5,500.5,0.0,
ID3293 → ID3295,16,3293,3295,-1.0,2.1962813670341257,10.770329614269007,10.770329614269007,17.5,174.5,519.5,0.0,
ID3230 → ID3232,16,3230,3232,-1.0,1.2827408797442708,15.620499351813308,15.620499351813308,8.5,135.5,528.5,0.0,
ID3325 → ID3327,16,3325,3327,-1.0,0.844153986113171,21.540659228538015,21.540659228538015,32.5,331.5,499.5,0.0,
ID3214 → ID3216,16,3214,3216,-1.0,NaN,14.142135623730951,14.142135623730951,0.5,232.5,550.5,0.0,
ID3238 → ID3285,16,3238,3285,-1.0,0.3217505543966422,14.422205101855956,14.422205101855956,12.5,153.5,525.5,0.0,
ID3291 → ID3293,16,3291,3293,-1.0,2.601173153319209,8.246211251235321,8.246211251235321,16.5,170.5,517.5,0.0,
ID3319 → ID3321,16,3319,3321,-1.0,2.0344439357957027,8.94427190999916,8.94427190999916,29.5,351.5,497.5,0.0,
ID3234 → ID3236,16,3234,3236,-1.0,1.5707963267948966,4.0,4.0,10.5,127.5,535.5,0.0,
ID3307 → ID3309,16,3307,3309,-1.0,0.10487693873023389,25.298221281347036,25.298221281347036,23.5,309.5,483.5,0.0,
ID3321 → ID3323,16,3321,3323,-1.0,1.2490457723982544,2.8284271247461903,2.8284271247461903,30.5,346.5,498.5,0.0,
ID3309 → ID3311,16,3309,3311,-1.0,0.04542327942157701,27.85677655436824,27.85677655436824,24.5,334.5,474.5,0.0,
ID3220 → ID3222,16,3220,3222,-1.0,3.141592653589793,2.0,2.0,3.5,214.5,541.5,0.0,
ID3232 → ID3234,16,3232,3234,-1.0,0.8760580505981934,2.0,2.0,9.5,129.5,534.5,0.0,
ID3216 → ID3218,16,3216,3218,-1.0,1.673877935317597,8.246211251235321,8.246211251235321,1.5,226.5,545.5,0.0,
ID3311 → ID3313,16,3311,3313,-1.0,1.3499675570655483,7.211102550927978,7.211102550927978,25.5,349.5,472.5,0.0,
ID3295 → ID3297,16,3295,3297,-1.0,0.11425432796143953,22.80350850198276,22.80350850198276,18.5,190.5,514.5,0.0,
ID3329 → ID3331,16,3329,3331,-1.0,1.1071487177940904,17.88854381999832,17.88854381999832,34.5,297.5,511.5,0.0,
ID3337 → ID3339,16,3337,3339,-1.0,0.38576553223098625,34.52535300326414,34.52535300326414,38.5,154.5,538.5,0.0,
ID3299 → ID3302,16,3299,3302,-1.0,0.7389200320464454,29.5296461204668,29.5296461204668,20.5,246.5,512.5,0.0,
ID3285 → ID3287,16,3285,3287,-1.0,1.373400766945016,8.48528137423857,8.48528137423857,13.5,162.5,524.5,0.0,
ID3333 → ID3335,16,3333,3335,-1.0,0.047583103276983396,59.464274989274024,59.464274989274024,36.5,227.5,531.5,0.0,
ID3313 → ID3315,16,3313,3315,-1.0,0.4773453823736719,18.110770276274835,18.110770276274835,26.5,352.5,484.5,0.0,
ID3236 → ID3238,16,3236,3238,-1.0,2.875340604438868,22.80350850198276,22.80350850198276,11.5,136.5,532.5,0.0,
ID3287 → ID3289,16,3287,3289,-1.0,2.0344439357957027,12.649110640673518,12.649110640673518,14.5,167.5,521.5,0.0,
ID3228 → ID3230,16,3228,3230,-1.0,0.3906070436976868,14.422205101855956,14.422205101855956,7.5,147.5,527.5,0.0,
ID3302 → ID3305,16,3302,3305,-1.0,0.0302937599187751,17.88854381999832,17.88854381999832,21.5,267.5,501.5,0.0,
ID3289 → ID3291,16,3289,3291,-1.0,0.4636476090008061,2.8284271247461903,2.8284271247461903,15.5,170.5,514.5,0.0,
ID3226 → ID3228,16,3226,3228,-1.0,0.11425432796143953,30.59411708155671,30.59411708155671,6.5,168.5,534.5,0.0,
ID3323 → ID3325,16,3323,3325,-1.0,0.3217505543966422,4.47213595499958,4.47213595499958,31.5,343.5,496.5,0.0,
ID3331 → ID3333,16,3331,3333,-1.0,0.8542546526984929,36.76955262170047,36.76955262170047,35.5,272.5,514.5,0.0,
ID3222 → ID3224,16,3222,3224,-1.0,2.896613990462929,8.246211251235321,8.246211251235321,4.5,211.5,540.5,0.0,
ID3315 → ID3317,16,3315,3317,-1.0,0.05449145624073119,12.165525060596439,12.165525060596439,27.5,354.5,499.5,0.0,
ID3297 → ID3299,16,3297,3299,-1.0,0.5112307122777896,32.984845004941285,32.984845004941285,19.5,217.5,515.5,0.0,
ID3305 → ID3307,16,3305,3307,-1.0,0.037020115873930025,24.166091947189145,24.166091947189145,22.5,286.5,492.5,0.0,
ID3224 → ID3226,16,3224,3226,-1.0,0.16183743123842292,24.08318915758459,24.08318915758459,5.5,195.5,538.5,0.0,
ID3218 → ID3220,16,3218,3220,-1.0,1.8157749899217608,14.0,14.0,2.5,220.5,541.5,0.0,
ID3432 → ID3434,19,3432,3434,-1.0,0.0,2.0,2.0,31.5,867.5,214.5,0.0,
ID3362 → ID3364,19,3362,3364,-1.0,1.892546881191539,6.324555320336759,6.324555320336759,6.5,936.5,130.5,0.0,
ID3352 → ID3354,19,3352,3354,-1.0,2.356194490192345,4.0,4.0,1.5,937.5,123.5,0.0,
ID3392 → ID3394,19,3392,3394,-1.0,2.819842099193151,5.656854249492381,5.656854249492381,18.5,897.5,151.5,0.0,
ID3396 → ID3403,19,3396,3403,-1.0,2.1587989303424644,7.211102550927978,7.211102550927978,20.5,898.5,163.5,0.0,
ID3394 → ID3396,19,3394,3396,-1.0,0.7853981633974483,12.0,12.0,19.5,895.5,159.5,0.0,
ID3371 → ID3373,19,3371,3373,-1.0,2.4668517113662407,12.806248474865697,12.806248474865697,8.5,931.5,136.5,0.0,
ID3379 → ID3382,19,3379,3382,-1.0,0.7853981633974483,5.656854249492381,5.656854249492381,12.5,921.5,141.5,0.0,
ID3388 → ID3390,19,3388,3390,-1.0,0.2662520491509253,12.649110640673518,12.649110640673518,16.5,901.5,149.5,0.0,
ID3436 → ID3438,19,3436,3438,-1.0,1.8662371639386166,8.246211251235321,8.246211251235321,33.5,856.5,211.5,0.0,
ID3403 → ID3405,19,3403,3405,-1.0,2.5535900500422257,4.0,4.0,21.5,899.5,161.5,0.0,
ID3416 → ID3418,19,3416,3418,-1.0,0.7853981633974483,16.97056274847714,16.97056274847714,25.5,885.5,179.5,0.0,
ID3405 → ID3408,19,3405,3408,-1.0,1.5707963267948966,8.0,8.0,22.5,897.5,165.5,0.0,
ID3438 → ID3440,19,3438,3440,-1.0,3.061762667877556,24.331050121192877,24.331050121192877,34.5,857.5,203.5,0.0,
ID3390 → ID3392,19,3390,3392,-1.0,2.999695598985629,4.47213595499958,4.47213595499958,17.5,897.5,150.5,0.0,
ID3358 → ID3360,19,3358,3360,-1.0,0.4636476090008061,2.0,2.0,4.5,933.5,126.5,0.0,
ID3446 → ID3448,19,3446,3448,-1.0,2.9441970937399127,11.313708498984761,11.313708498984761,38.5,857.5,149.5,0.0,
ID3377 → ID3379,19,3377,3379,-1.0,2.9441970937399127,6.0,6.0,11.5,916.5,143.5,0.0,
ID3373 → ID3375,19,3373,3375,-1.0,0.8960553845713439,4.0,4.0,9.5,925.5,141.5,0.0,
ID3440 → ID3442,19,3440,3442,-1.0,0.28950367196138826,16.1245154965971,16.1245154965971,35.5,858.5,183.5,0.0,
ID3420 → ID3422,19,3420,3422,-1.0,1.4994888620096063,28.071337695236398,28.071337695236398,27.5,870.5,199.5,0.0,
ID3434 → ID3436,19,3434,3436,-1.0,1.0303768265243125,11.661903789690601,11.661903789690601,32.5,862.5,210.5,0.0,
ID3384 → ID3386,19,3384,3386,-1.0,2.356194490192345,10.770329614269007,10.770329614269007,14.5,915.5,148.5,0.0,
ID3382 → ID3384,19,3382,3384,-1.0,2.761086276477428,15.231546211727817,15.231546211727817,13.5,920.5,146.5,0.0,
ID3408 → ID3414,19,3408,3414,-1.0,0.7853981633974483,5.656854249492381,5.656854249492381,23.5,895.5,171.5,0.0,
ID3386 → ID3388,19,3386,3388,-1.0,1.7782925532300993,7.211102550927978,7.211102550927978,15.5,910.5,145.5,0.0,
ID3345 → ID3352,19,3345,3352,-1.0,NaN,5.656854249492381,5.656854249492381,0.5,939.5,123.5,0.0,
ID3360 → ID3362,19,3360,3362,-1.0,1.5707963267948966,4.0,4.0,5.5,935.5,127.5,0.0,
ID3354 → ID3356,19,3354,3356,-1.0,1.5707963267948966,2.0,2.0,2.5,936.5,121.5,0.0,
ID3356 → ID3358,19,3356,3358,-1.0,1.1071487177940904,4.47213595499958,4.47213595499958,3.5,934.5,123.5,0.0,
ID3444 → ID3446,19,3444,3446,-1.0,0.8066715494215095,14.422205101855956,14.422205101855956,37.5,857.5,151.5,0.0,
ID3428 → ID3430,19,3428,3430,-1.0,2.356194490192345,6.324555320336759,6.324555320336759,29.5,866.5,214.5,0.0,
ID3414 → ID3416,19,3414,3416,-1.0,0.7853981633974483,2.0,2.0,24.5,892.5,173.5,0.0,
ID3375 → ID3377,19,3375,3377,-1.0,0.19739555984988078,10.198039027185569,10.198039027185569,10.5,918.5,142.5,0.0,
ID3418 → ID3420,19,3418,3420,-1.0,0.7853981633974483,8.0,8.0,26.5,875.5,185.5,0.0,
ID3364 → ID3371,19,3364,3371,-1.0,2.819842099193151,2.0,2.0,7.5,935.5,132.5,0.0,
ID3422 → ID3428,19,3422,3428,-1.0,1.9631364710104124,4.47213595499958,4.47213595499958,28.5,867.5,212.5,0.0,
ID3442 → ID3444,19,3442,3444,-1.0,0.09431395132718053,18.439088914585774,18.439088914585774,36.5,855.5,166.5,0.0,
ID3430 → ID3432,19,3430,3432,-1.0,2.819842099193151,2.0,2.0,30.5,867.5,216.5,0.0,
ID3506 → ID3508,20,3506,3508,-1.0,0.4636476090008061,14.0,14.0,24.5,651.5,138.5,0.0,
ID3510 → ID3512,20,3510,3512,-1.0,1.35970299357215,6.324555320336759,6.324555320336759,26.5,650.5,164.5,0.0,
ID3530 → ID3532,20,3530,3532,-1.0,0.2847304385227121,17.08800749063506,17.08800749063506,36.5,763.5,294.5,0.0,
ID3504 → ID3506,20,3504,3506,-1.0,2.819842099193151,4.47213595499958,4.47213595499958,23.5,652.5,129.5,0.0,
ID3494 → ID3496,20,3494,3496,-1.0,0.3217505543966422,2.8284271247461903,2.8284271247461903,18.5,654.5,102.5,0.0,
ID3480 → ID3482,20,3480,3482,-1.0,0.38328414774568553,41.7612260356422,41.7612260356422,11.5,609.5,185.5,0.0,
ID3486 → ID3488,20,3486,3488,-1.0,0.982793723247329,31.304951684997057,31.304951684997057,14.5,660.5,153.5,0.0,
ID3516 → ID3518,20,3516,3518,-1.0,0.12062366858010272,16.1245154965971,16.1245154965971,29.5,654.5,205.5,0.0,
ID3518 → ID3520,20,3518,3520,-1.0,0.19739555984988078,18.973665961010276,18.973665961010276,30.5,658.5,222.5,0.0,
ID3470 → ID3472,20,3470,3472,-1.0,0.06769302269396865,14.422205101855956,14.422205101855956,6.5,563.5,247.5,0.0,
ID3492 → ID3494,20,3492,3494,-1.0,1.5707963267948966,8.94427190999916,8.94427190999916,17.5,651.5,107.5,0.0,
ID3468 → ID3470,20,3468,3470,-1.0,0.1297025371559121,32.802438933713454,32.802438933713454,5.5,549.5,266.5,0.0,
ID3524 → ID3526,20,3524,3526,-1.0,0.44292518710832224,30.463092423455635,30.463092423455635,33.5,719.5,289.5,0.0,
ID3496 → ID3498,20,3496,3498,-1.0,2.5535900500422257,20.396078054371138,20.396078054371138,19.5,653.5,111.5,0.0,
ID3466 → ID3468,20,3466,3468,-1.0,2.1587989303424644,16.97056274847714,16.97056274847714,4.5,533.5,285.5,0.0,
ID3522 → ID3524,20,3522,3524,-1.0,0.06193618455080409,45.34313619501854,45.34313619501854,32.5,690.5,266.5,0.0,
ID3472 → ID3474,20,3472,3474,-1.0,0.5880026035475675,30.0,30.0,7.5,567.5,226.5,0.0,
ID3482 → ID3484,20,3482,3484,-1.0,0.6045985900934768,12.806248474865697,12.806248474865697,12.5,633.5,174.5,0.0,
ID3512 → ID3514,20,3512,3514,-1.0,1.4141944498128813,24.331050121192877,24.331050121192877,27.5,649.5,177.5,0.0,
ID3484 → ID3486,20,3484,3486,-1.0,0.7717003900245826,16.1245154965971,16.1245154965971,13.5,645.5,168.5,0.0,
ID3500 → ID3502,20,3500,3502,-1.0,2.677945044588987,12.649110640673518,12.649110640673518,21.5,649.5,123.5,0.0,
ID3476 → ID3478,20,3476,3478,-1.0,1.892546881191539,17.88854381999832,17.88854381999832,9.5,571.5,203.5,0.0,
ID3534 → ID3536,20,3534,3536,-1.0,1.2812926548335084,27.202941017470888,27.202941017470888,38.5,792.5,289.5,0.0,
ID3508 → ID3510,20,3508,3510,-1.0,0.11065722117389563,18.110770276274835,18.110770276274835,25.5,652.5,154.5,0.0,
ID3490 → ID3492,20,3490,3492,-1.0,1.0074800653029286,17.88854381999832,17.88854381999832,16.5,657.5,115.5,0.0,
ID3474 → ID3476,20,3474,3476,-1.0,0.7853981633974483,5.656854249492381,5.656854249492381,8.5,565.5,209.5,0.0,
ID3488 → ID3490,20,3488,3490,-1.0,0.5633162614919681,20.09975124224178,20.09975124224178,15.5,666.5,129.5,0.0,
ID3498 → ID3500,20,3498,3500,-1.0,2.1587989303424644,5.656854249492381,5.656854249492381,20.5,649.5,119.5,0.0,
ID3528 → ID3530,20,3528,3530,-1.0,1.2637505947761059,10.0,10.0,35.5,751.5,288.5,0.0,
ID3514 → ID3516,20,3514,3516,-1.0,0.07982998571223732,8.246211251235321,8.246211251235321,28.5,652.5,193.5,0.0,
ID3478 → ID3480,20,3478,3480,-1.0,0.21109333322274654,12.806248474865697,12.806248474865697,10.5,584.5,195.5,0.0,
ID3456 → ID3462,20,3456,3462,-1.0,1.2627435457711202,7.211102550927978,7.211102550927978,1.5,525.5,288.5,0.0,
ID3532 → ID3534,20,3532,3534,-1.0,1.3415643935179014,14.422205101855956,14.422205101855956,37.5,775.5,291.5,0.0,
ID3462 → ID3464,20,3462,3464,-1.0,1.0516502125483738,4.47213595499958,4.47213595499958,2.5,526.5,283.5,0.0,
ID3502 → ID3504,20,3502,3504,-1.0,2.0344439357957027,2.8284271247461903,2.8284271247461903,22.5,652.5,128.5,0.0,
ID3520 → ID3522,20,3520,3522,-1.0,0.3392926144540447,22.80350850198276,22.80350850198276,31.5,668.5,240.5,0.0,
ID3526 → ID3528,20,3526,3528,-1.0,1.025141272267905,17.204650534085253,17.204650534085253,34.5,740.5,290.5,0.0,
ID3464 → ID3466,20,3464,3466,-1.0,2.875340604438868,10.198039027185569,10.198039027185569,3.5,526.5,286.5,0.0,
ID3454 → ID3456,20,3454,3456,-1.0,NaN,12.806248474865697,12.806248474865697,0.5,527.5,296.5,0.0,
ID3609 → ID3611,21,3609,3611,-1.0,3.141592653589793,2.0,2.0,31.5,1199.5,220.5,0.0,
ID3605 → ID3607,21,3605,3607,-1.0,1.892546881191539,8.94427190999916,8.94427190999916,29.5,1203.5,225.5,0.0,
ID3595 → ID3597,21,3595,3597,-1.0,1.2753554896511767,11.661903789690601,11.661903789690601,24.5,1200.5,206.5,0.0,
ID3617 → ID3619,21,3617,3619,-1.0,0.8621700546672264,4.47213595499958,4.47213595499958,35.5,1201.5,224.5,0.0,
ID3547 → ID3549,21,3547,3549,-1.0,1.5707963267948966,2.0,2.0,2.5,1178.5,191.5,0.0,
ID3611 → ID3613,21,3611,3613,-1.0,0.19739555984988078,10.198039027185569,10.198039027185569,32.5,1200.5,226.5,0.0,
ID3601 → ID3603,21,3601,3603,-1.0,0.1418970546041639,14.142135623730951,14.142135623730951,27.5,1200.5,228.5,0.0,
ID3575 → ID3577,21,3575,3577,-1.0,2.746801533890032,10.198039027185569,10.198039027185569,14.5,1176.5,206.5,0.0,
ID3561 → ID3563,21,3561,3563,-1.0,1.1071487177940904,4.47213595499958,4.47213595499958,7.5,1167.5,206.5,0.0,
ID3597 → ID3599,21,3597,3599,-1.0,1.4940244355251187,8.94427190999916,8.94427190999916,25.5,1203.5,213.5,0.0,
ID3619 → ID3621,21,3619,3621,-1.0,0.7853981633974483,6.324555320336759,6.324555320336759,36.5,1196.5,224.5,0.0,
ID3613 → ID3615,21,3613,3615,-1.0,0.3430239404207034,11.661903789690601,11.661903789690601,33.5,1204.5,236.5,0.0,
ID3583 → ID3585,21,3583,3585,-1.0,0.9272952180016122,4.47213595499958,4.47213595499958,18.5,1175.5,200.5,0.0,
ID3569 → ID3571,21,3569,3571,-1.0,2.999695598985629,14.142135623730951,14.142135623730951,11.5,1170.5,210.5,0.0,
ID3563 → ID3565,21,3563,3565,-1.0,0.7853981633974483,6.324555320336759,6.324555320336759,8.5,1170.5,210.5,0.0,
ID3623 → ID3625,21,3623,3625,-1.0,0.9420000403794637,8.94427190999916,8.94427190999916,38.5,1199.5,211.5,0.0,
ID3591 → ID3593,21,3591,3593,-1.0,0.07677189126977804,8.246211251235321,8.246211251235321,22.5,1193.5,196.5,0.0,
ID3579 → ID3581,21,3579,3581,-1.0,1.373400766945016,8.48528137423857,8.48528137423857,16.5,1168.5,200.5,0.0,
ID3607 → ID3609,21,3607,3609,-1.0,1.1071487177940904,4.0,4.0,30.5,1199.5,221.5,0.0,
ID3621 → ID3623,21,3621,3623,-1.0,2.0576955586061656,12.165525060596439,12.165525060596439,37.5,1194.5,219.5,0.0,
ID3577 → ID3579,21,3577,3579,-1.0,1.1801892830972098,7.211102550927978,7.211102550927978,15.5,1174.5,199.5,0.0,
ID3543 → ID3545,21,3543,3545,-1.0,NaN,2.8284271247461903,2.8284271247461903,0.5,1178.5,200.5,0.0,
ID3593 → ID3595,21,3593,3595,-1.0,2.060753653048625,8.246211251235321,8.246211251235321,23.5,1196.5,199.5,0.0,
ID3545 → ID3547,21,3545,3547,-1.0,0.7853981633974483,8.0,8.0,1.5,1179.5,195.5,0.0,
ID3603 → ID3605,21,3603,3605,-1.0,2.498091544796509,11.313708498984761,11.313708498984761,28.5,1203.5,231.5,0.0,
ID3585 → ID3587,21,3585,3587,-1.0,1.4288992721907328,6.324555320336759,6.324555320336759,19.5,1176.5,204.5,0.0,
ID3573 → ID3575,21,3573,3575,-1.0,2.875340604438868,10.198039027185569,10.198039027185569,13.5,1174.5,206.5,0.0,
ID3565 → ID3567,21,3565,3567,-1.0,2.819842099193151,2.0,2.0,9.5,1171.5,212.5,0.0,
ID3587 → ID3589,21,3587,3589,-1.0,2.677945044588987,11.313708498984761,11.313708498984761,20.5,1179.5,203.5,0.0,
ID3567 → ID3569,21,3567,3569,-1.0,1.5707963267948966,8.0,8.0,10.5,1167.5,211.5,0.0,
ID3557 → ID3559,21,3557,3559,-1.0,1.892546881191539,6.324555320336759,6.324555320336759,5.5,1166.5,196.5,0.0,
ID3555 → ID3557,21,3555,3557,-1.0,0.1418970546041639,10.0,10.0,4.5,1171.5,196.5,0.0,
ID3599 → ID3601,21,3599,3601,-1.0,0.4636476090008061,4.0,4.0,26.5,1201.5,219.5,0.0,
ID3549 → ID3555,21,3549,3555,-1.0,0.7853981633974483,2.8284271247461903,2.8284271247461903,3.5,1176.5,192.5,0.0,
ID3615 → ID3617,21,3615,3617,-1.0,2.8461518164460733,16.492422502470642,16.492422502470642,34.5,1205.5,233.5,0.0,
ID3559 → ID3561,21,3559,3561,-1.0,2.819842099193151,12.0,12.0,6.5,1165.5,199.5,0.0,
ID3571 → ID3573,21,3571,3573,-1.0,1.892546881191539,8.94427190999916,8.94427190999916,12.5,1175.5,205.5,0.0,
ID3589 → ID3591,21,3589,3591,-1.0,0.4636476090008061,6.324555320336759,6.324555320336759,21.5,1186.5,198.5,0.0,
ID3581 → ID3583,21,3581,3583,-1.0,2.819842099193151,8.94427190999916,8.94427190999916,17.5,1169.5,201.5,0.0,
ID3676 → ID3678,22,3676,3678,-1.0,0.9136108327641801,24.413111231467404,24.413111231467404,22.5,952.5,701.5,0.0,
ID3634 → ID3636,22,3634,3636,-1.0,2.9139033338211373,46.69047011971501,46.69047011971501,1.5,887.5,436.5,0.0,
ID3706 → ID3708,22,3706,3708,-1.0,2.5535900500422257,12.0,12.0,37.5,993.5,727.5,0.0,
ID3684 → ID3686,22,3684,3686,-1.0,2.5337906574758327,25.059928172283335,25.059928172283335,26.5,983.5,728.5,0.0,
ID3680 → ID3682,22,3680,3682,-1.0,0.9707461133931431,4.47213595499958,4.47213595499958,24.5,979.5,720.5,0.0,
ID3704 → ID3706,22,3704,3706,-1.0,2.9660004916396128,36.05551275463989,36.05551275463989,36.5,1003.5,718.5,0.0,
ID3678 → ID3680,22,3678,3680,-1.0,0.45297185801335105,20.591260281974,20.591260281974,23.5,968.5,716.5,0.0,
ID3644 → ID3646,22,3644,3646,-1.0,0.39479111969976155,7.211102550927978,7.211102550927978,6.5,921.5,480.5,0.0,
ID3674 → ID3676,22,3674,3676,-1.0,0.3616406910906941,33.52610922848042,33.52610922848042,21.5,950.5,675.5,0.0,
ID3708 → ID3713,22,3708,3713,-1.0,2.642245931909663,25.059928172283335,25.059928172283335,38.5,999.5,732.5,0.0,
ID3646 → ID3648,22,3646,3648,-1.0,1.231503712340852,10.0,10.0,7.5,920.5,487.5,0.0,
ID3702 → ID3704,22,3702,3704,-1.0,2.564033534577779,34.92849839314596,34.92849839314596,35.5,1006.5,719.5,0.0,
ID3686 → ID3688,22,3686,3688,-1.0,0.5706541864654204,28.071337695236398,28.071337695236398,27.5,988.5,753.5,0.0,
ID3632 → ID3634,22,3632,3634,-1.0,NaN,7.211102550927978,7.211102550927978,0.5,874.5,421.5,0.0,
ID3668 → ID3670,22,3668,3670,-1.0,0.8850668158886104,20.09975124224178,20.09975124224178,18.5,958.5,583.5,0.0,
ID3690 → ID3692,22,3690,3692,-1.0,0.4944597721909235,20.09975124224178,20.09975124224178,29.5,996.5,733.5,0.0,
ID3670 → ID3672,22,3670,3672,-1.0,0.024686342055599407,32.2490309931942,32.2490309931942,19.5,955.5,609.5,0.0,
ID3652 → ID3654,22,3652,3654,-1.0,0.8408966686431651,22.80350850198276,22.80350850198276,10.5,940.5,552.5,0.0,
ID3682 → ID3684,22,3682,3684,-1.0,2.214297435588181,4.47213595499958,4.47213595499958,25.5,979.5,718.5,0.0,
ID3640 → ID3642,22,3640,3642,-1.0,0.3671738338182192,19.697715603592208,19.697715603592208,4.5,909.5,464.5,0.0,
ID3708 → ID3710,22,3708,3710,-1.0,3.141592653589793,16.0,16.0,38.5,993.5,729.5,0.0,
ID3662 → ID3664,22,3662,3664,-1.0,1.3397056595989996,4.47213595499958,4.47213595499958,15.5,959.5,562.5,0.0,
ID3660 → ID3662,22,3660,3662,-1.0,2.2817056999784633,15.620499351813308,15.620499351813308,14.5,952.5,567.5,0.0,
ID3692 → ID3694,22,3692,3694,-1.0,0.5362958123047034,33.1058907144937,33.1058907144937,30.5,1002.5,708.5,0.0,
ID3656 → ID3658,22,3656,3658,-1.0,1.7681918866447774,10.198039027185569,10.198039027185569,12.5,938.5,548.5,0.0,
ID3694 → ID3696,22,3694,3696,-1.0,0.2619549608053017,34.52535300326414,34.52535300326414,31.5,1012.5,676.5,0.0,
ID3648 → ID3650,22,3648,3650,-1.0,1.3575918074054423,39.698866482558415,39.698866482558415,8.5,930.5,506.5,0.0,
ID3698 → ID3700,22,3698,3700,-1.0,0.2580555114010128,36.76955262170047,36.76955262170047,33.5,1004.5,706.5,0.0,
ID3664 → ID3666,22,3664,3666,-1.0,2.677945044588987,12.0,12.0,16.5,955.5,563.5,0.0,
ID3654 → ID3656,22,3654,3656,-1.0,2.4805494847391065,14.0,14.0,11.5,933.5,554.5,0.0,
ID3688 → ID3690,22,3688,3690,-1.0,2.818108998675322,26.0,26.0,28.5,992.5,755.5,0.0,
ID3666 → ID3668,22,3666,3668,-1.0,2.356194490192345,14.142135623730951,14.142135623730951,17.5,954.5,568.5,0.0,
ID3642 → ID3644,22,3642,3644,-1.0,0.5645693936681,7.211102550927978,7.211102550927978,5.5,916.5,475.5,0.0,
ID3638 → ID3640,22,3638,3640,-1.0,3.141592653589793,22.627416997969522,22.627416997969522,3.5,897.5,447.5,0.0,
ID3700 → ID3702,22,3700,3702,-1.0,0.5557557211123136,12.165525060596439,12.165525060596439,34.5,998.5,729.5,0.0,
ID3696 → ID3698,22,3696,3698,-1.0,3.0994719868782274,30.265491900843113,30.265491900843113,32.5,1013.5,674.5,0.0,
ID3672 → ID3674,22,3672,3674,-1.0,0.18311081726248413,34.058772731852805,34.058772731852805,20.5,954.5,642.5,0.0,
ID3650 → ID3652,22,3650,3652,-1.0,0.5342371988196797,22.360679774997898,22.360679774997898,9.5,945.5,532.5,0.0,
ID3636 → ID3638,22,3636,3638,-1.0,3.111298893671018,19.79898987322333,19.79898987322333,2.5,896.5,446.5,0.0,
ID3658 → ID3660,22,3658,3660,-1.0,1.208252089530389,24.331050121192877,24.331050121192877,13.5,945.5,561.5,0.0,
ID3854 → ID3856,23,3854,3856,-1.0,2.4116929954380617,14.142135623730951,14.142135623730951,34.5,504.5,566.5,0.0,
ID3844 → ID3846,23,3844,3846,-1.0,1.892546881191539,6.0,6.0,29.5,500.5,567.5,0.0,
ID3858 → ID3860,23,3858,3860,-1.0,1.892546881191539,2.0,2.0,36.5,506.5,565.5,0.0,
ID3814 → ID3816,23,3814,3816,-1.0,2.896613990462929,11.313708498984761,11.313708498984761,14.5,515.5,581.5,0.0,
ID3796 → ID3798,23,3796,3798,-1.0,2.875340604438868,13.416407864998739,13.416407864998739,35.5,548.5,547.5,0.0,
ID3743 → ID3749,23,3743,3749,-1.0,1.7374601545652402,27.784887978899608,27.784887978899608,11.5,539.5,574.5,0.0,
ID3769 → ID3772,23,3769,3772,-1.0,0.9209258773829491,8.246211251235321,8.246211251235321,22.5,543.5,536.5,0.0,
ID3788 → ID3790,23,3788,3790,-1.0,2.819842099193151,4.47213595499958,4.47213595499958,31.5,547.5,552.5,0.0,
ID3856 → ID3858,23,3856,3858,-1.0,2.677945044588987,6.324555320336759,6.324555320336759,35.5,506.5,562.5,0.0,
ID3755 → ID3757,23,3755,3757,-1.0,1.0516502125483738,8.0,8.0,15.5,547.5,545.5,0.0,
ID3780 → ID3782,23,3780,3782,-1.0,2.1587989303424644,10.198039027185569,10.198039027185569,27.5,544.5,552.5,0.0,
ID3828 → ID3830,23,3828,3830,-1.0,0.8760580505981934,4.0,4.0,21.5,523.5,567.5,0.0,
ID3798 → ID3800,23,3798,3800,-1.0,1.892546881191539,2.8284271247461903,2.8284271247461903,36.5,544.5,552.5,0.0,
ID3759 → ID3761,23,3759,3761,-1.0,2.356194490192345,5.656854249492381,5.656854249492381,17.5,533.5,547.5,0.0,
ID3820 → ID3822,23,3820,3822,-1.0,2.356194490192345,2.8284271247461903,2.8284271247461903,17.5,510.5,570.5,0.0,
ID3721 → ID3723,23,3721,3723,-1.0,NaN,7.211102550927978,7.211102550927978,0.5,530.5,579.5,0.0,
ID3840 → ID3842,23,3840,3842,-1.0,1.5707963267948966,8.0,8.0,27.5,501.5,575.5,0.0,
ID3782 → ID3784,23,3782,3784,-1.0,2.9441970937399127,12.0,12.0,28.5,545.5,551.5,0.0,
ID3830 → ID3832,23,3830,3832,-1.0,1.1071487177940904,8.94427190999916,8.94427190999916,22.5,519.5,563.5,0.0,
ID3757 → ID3759,23,3757,3759,-1.0,0.0,12.0,12.0,16.5,537.5,545.5,0.0,
ID3727 → ID3729,23,3727,3729,-1.0,2.677945044588987,2.0,2.0,3.5,524.5,567.5,0.0,
ID3765 → ID3767,23,3765,3767,-1.0,2.976443976175166,12.165525060596439,12.165525060596439,20.5,532.5,557.5,0.0,
ID3818 → ID3820,23,3818,3820,-1.0,1.1071487177940904,6.0,6.0,16.5,512.5,569.5,0.0,
ID3852 → ID3854,23,3852,3854,-1.0,1.373400766945016,7.211102550927978,7.211102550927978,33.5,501.5,570.5,0.0,
ID3812 → ID3814,23,3812,3814,-1.0,1.6475682180646747,11.661903789690601,11.661903789690601,13.5,516.5,582.5,0.0,
ID3767 → ID3769,23,3767,3769,-1.0,0.23974310887045658,15.231546211727817,15.231546211727817,21.5,536.5,544.5,0.0,
ID3735 → ID3737,23,3735,3737,-1.0,3.0309354324158977,12.806248474865697,12.806248474865697,7.5,527.5,568.5,0.0,
ID3810 → ID3812,23,3810,3812,-1.0,1.653937558683338,8.94427190999916,8.94427190999916,12.5,523.5,583.5,0.0,
ID3737 → ID3739,23,3737,3739,-1.0,2.4668517113662407,20.0,20.0,8.5,531.5,573.5,0.0,
ID3751 → ID3753,23,3751,3753,-1.0,3.141592653589793,2.8284271247461903,2.8284271247461903,13.5,560.5,558.5,0.0,
ID3802 → ID3804,23,3802,3804,-1.0,2.819842099193151,4.0,4.0,38.5,541.5,547.5,0.0,
ID3725 → ID3727,23,3725,3727,-1.0,1.1071487177940904,4.47213595499958,4.47213595499958,2.5,525.5,568.5,0.0,
ID3842 → ID3844,23,3842,3844,-1.0,2.819842099193151,12.649110640673518,12.649110640673518,28.5,499.5,573.5,0.0,
ID3731 → ID3733,23,3731,3733,-1.0,2.896613990462929,8.246211251235321,8.246211251235321,5.5,526.5,573.5,0.0,
ID3808 → ID3810,23,3808,3810,-1.0,2.6704263892766833,10.770329614269007,10.770329614269007,11.5,520.5,589.5,0.0,
ID3739 → ID3741,23,3739,3741,-1.0,0.5404195002705842,11.661903789690601,11.661903789690601,9.5,534.5,588.5,0.0,
ID3749 → ID3751,23,3749,3751,-1.0,0.25732371497108864,14.142135623730951,14.142135623730951,12.5,556.5,562.5,0.0,
ID3723 → ID3725,23,3723,3725,-1.0,0.982793723247329,8.0,8.0,1.5,527.5,573.5,0.0,
ID3800 → ID3802,23,3800,3802,-1.0,0.4636476090008061,6.324555320336759,6.324555320336759,37.5,542.5,548.5,0.0,
ID3753 → ID3755,23,3753,3755,-1.0,1.837048375945822,16.1245154965971,16.1245154965971,14.5,555.5,552.5,0.0,
ID3816 → ID3818,23,3816,3818,-1.0,1.2490457723982544,8.94427190999916,8.94427190999916,15.5,517.5,573.5,0.0,
ID3733 → ID3735,23,3733,3735,-1.0,2.601173153319209,5.656854249492381,5.656854249492381,6.5,525.5,571.5,0.0,
ID3832 → ID3834,23,3832,3834,-1.0,0.9272952180016122,8.94427190999916,8.94427190999916,23.5,511.5,563.5,0.0,
ID3862 → ID3864,23,3862,3864,-1.0,2.896613990462929,8.0,8.0,38.5,503.5,561.5,0.0,
ID3824 → ID3826,23,3824,3826,-1.0,1.6951513213416582,7.211102550927978,7.211102550927978,19.5,513.5,576.5,0.0,
ID3761 → ID3763,23,3761,3763,-1.0,1.892546881191539,4.47213595499958,4.47213595499958,18.5,533.5,550.5,0.0,
ID3836 → ID3838,23,3836,3838,-1.0,2.4116929954380617,10.198039027185569,10.198039027185569,25.5,508.5,572.5,0.0,
ID3741 → ID3743,23,3741,3743,-1.0,2.9872738776636742,15.620499351813308,15.620499351813308,10.5,532.5,587.5,0.0,
ID3822 → ID3824,23,3822,3824,-1.0,0.3217505543966422,4.47213595499958,4.47213595499958,18.5,513.5,572.5,0.0,
ID3729 → ID3731,23,3729,3731,-1.0,1.5707963267948966,10.0,10.0,4.5,525.5,572.5,0.0,
ID3774 → ID3776,23,3774,3776,-1.0,0.17985349979247828,4.47213595499958,4.47213595499958,24.5,540.5,545.5,0.0,
ID3826 → ID3828,23,3826,3828,-1.0,2.8535372065391673,15.620499351813308,15.620499351813308,20.5,517.5,574.5,0.0,
ID3850 → ID3852,23,3850,3852,-1.0,0.4636476090008061,5.656854249492381,5.656854249492381,32.5,501.5,565.5,0.0,
ID3794 → ID3796,23,3794,3796,-1.0,2.9340964271545906,20.396078054371138,20.396078054371138,34.5,549.5,551.5,0.0,
ID3786 → ID3788,23,3786,3788,-1.0,0.4636476090008061,2.8284271247461903,2.8284271247461903,30.5,548.5,552.5,0.0,
ID3784 → ID3786,23,3784,3786,-1.0,2.819842099193151,6.324555320336759,6.324555320336759,29.5,546.5,548.5,0.0,
ID3848 → ID3850,23,3848,3850,-1.0,2.677945044588987,6.324555320336759,6.324555320336759,31.5,506.5,562.5,0.0,
ID3790 → ID3792,23,3790,3792,-1.0,2.214297435588181,8.94427190999916,8.94427190999916,32.5,549.5,549.5,0.0,
ID3741 → ID3808,23,3741,3808,-1.0,2.201875714266226,22.090722034374522,22.090722034374522,10.5,526.5,592.5,0.0,
ID3792 → ID3794,23,3792,3794,-1.0,2.439335722080786,15.231546211727817,15.231546211727817,33.5,550.5,554.5,0.0,
ID3838 → ID3840,23,3838,3840,-1.0,0.19739555984988078,2.0,2.0,26.5,502.5,571.5,0.0,
ID3776 → ID3778,23,3776,3778,-1.0,0.4636476090008061,4.0,4.0,25.5,539.5,549.5,0.0,
ID3778 → ID3780,23,3778,3780,-1.0,2.356194490192345,5.656854249492381,5.656854249492381,26.5,541.5,549.5,0.0,
ID3860 → ID3862,23,3860,3862,-1.0,1.3258176636680326,8.246211251235321,8.246211251235321,37.5,504.5,561.5,0.0,
ID3846 → ID3848,23,3846,3848,-1.0,0.7853981633974483,8.48528137423857,8.48528137423857,30.5,506.5,564.5,0.0,
ID3772 → ID3774,23,3772,3774,-1.0,2.459276098715045,10.0,10.0,23.5,544.5,539.5,0.0,
ID3763 → ID3765,23,3763,3765,-1.0,1.1071487177940904,12.0,12.0,19.5,531.5,557.5,0.0,
ID3834 → ID3836,23,3834,3836,-1.0,1.750649826587375,10.0,10.0,24.5,510.5,569.5,0.0,
ID3962 → ID3964,24,3962,3964,-1.0,2.819842099193151,12.649110640673518,12.649110640673518,32.5,483.5,457.5,0.0,
ID3911 → ID3913,24,3911,3913,-1.0,0.3217505543966422,6.0,6.0,16.5,551.5,476.5,0.0,
ID3915 → ID3917,24,3915,3917,-1.0,3.064820762320015,6.324555320336759,6.324555320336759,18.5,556.5,472.5,0.0,
ID3949 → ID3951,24,3949,3951,-1.0,2.356194490192345,2.8284271247461903,2.8284271247461903,35.5,448.5,448.5,0.0,
ID3939 → ID3960,24,3939,3960,-1.0,2.191045812777718,12.165525060596439,12.165525060596439,30.5,477.5,456.5,0.0,
ID3886 → ID3888,24,3886,3888,-1.0,1.7818896600176433,13.416407864998739,13.416407864998739,4.5,580.5,499.5,0.0,
ID3921 → ID3923,24,3921,3923,-1.0,0.8176450458327023,10.198039027185569,10.198039027185569,21.5,514.5,464.5,0.0,
ID3925 → ID3927,24,3925,3927,-1.0,2.819842099193151,11.313708498984761,11.313708498984761,23.5,507.5,465.5,0.0,
ID3964 → ID3966,24,3964,3966,-1.0,0.19739555984988078,16.1245154965971,16.1245154965971,33.5,497.5,460.5,0.0,
ID3923 → ID3925,24,3923,3925,-1.0,2.2318394956455836,4.47213595499958,4.47213595499958,22.5,510.5,463.5,0.0,
ID3953 → ID3955,24,3953,3955,-1.0,0.9272952180016122,10.0,10.0,37.5,443.5,440.5,0.0,
ID3974 → ID3976,24,3974,3976,-1.0,2.827654440253252,15.231546211727817,15.231546211727817,38.5,516.5,460.5,0.0,
ID3872 → ID3874,24,3872,3874,-1.0,NaN,18.439088914585774,18.439088914585774,0.5,596.5,525.5,0.0,
ID3933 → ID3935,24,3933,3935,-1.0,2.1112158270654806,8.246211251235321,8.246211251235321,27.5,478.5,473.5,0.0,
ID3884 → ID3886,24,3884,3886,-1.0,0.11065722117389563,12.806248474865697,12.806248474865697,3.5,572.5,497.5,0.0,
ID3876 → ID3884,24,3876,3884,-1.0,1.9513027039072617,8.48528137423857,8.48528137423857,2.5,564.5,504.5,0.0,
ID3907 → ID3909,24,3907,3909,-1.0,2.441096283642067,14.142135623730951,14.142135623730951,14.5,548.5,498.5,0.0,
ID3896 → ID3898,24,3896,3898,-1.0,2.7367008673047097,5.656854249492381,5.656854249492381,9.5,567.5,501.5,0.0,
ID3945 → ID3947,24,3945,3947,-1.0,0.7298996581517315,7.211102550927978,7.211102550927978,33.5,446.5,447.5,0.0,
ID3960 → ID3962,24,3960,3962,-1.0,2.976443976175166,6.0,6.0,31.5,480.5,455.5,0.0,
ID3929 → ID3931,24,3929,3931,-1.0,0.27829965900511133,14.560219778561036,14.560219778561036,25.5,490.5,471.5,0.0,
ID3900 → ID3902,24,3900,3902,-1.0,2.9018495447193366,15.231546211727817,15.231546211727817,11.5,552.5,500.5,0.0,
ID3943 → ID3945,24,3943,3945,-1.0,0.6435011087932844,14.142135623730951,14.142135623730951,32.5,456.5,446.5,0.0,
ID3892 → ID3894,24,3892,3894,-1.0,1.8337910584758161,10.770329614269007,10.770329614269007,7.5,571.5,498.5,0.0,
ID3935 → ID3937,24,3935,3937,-1.0,3.0060649396042924,10.770329614269007,10.770329614269007,28.5,479.5,472.5,0.0,
ID3966 → ID3968,24,3966,3968,-1.0,0.712357598094329,7.211102550927978,7.211102550927978,34.5,508.5,459.5,0.0,
ID3931 → ID3933,24,3931,3933,-1.0,1.0636978224025597,5.656854249492381,5.656854249492381,26.5,481.5,471.5,0.0,
ID3970 → ID3972,24,3970,3972,-1.0,1.6183794300718801,11.661903789690601,11.661903789690601,36.5,510.5,466.5,0.0,
ID3927 → ID3929,24,3927,3929,-1.0,0.7853981633974483,6.0,6.0,24.5,500.5,469.5,0.0,
ID3874 → ID3876,24,3874,3876,-1.0,0.3037344858425869,30.463092423455635,30.463092423455635,1.5,575.5,513.5,0.0,
ID3890 → ID3892,24,3890,3892,-1.0,1.969318772461317,10.0,10.0,6.5,577.5,500.5,0.0,
ID3905 → ID3907,24,3905,3907,-1.0,2.5829933382462307,18.867962264113206,18.867962264113206,13.5,554.5,497.5,0.0,
ID3951 → ID3953,24,3951,3953,-1.0,0.7853981633974483,4.0,4.0,36.5,447.5,445.5,0.0,
ID3913 → ID3915,24,3913,3915,-1.0,1.3258176636680326,8.246211251235321,8.246211251235321,17.5,555.5,472.5,0.0,
ID3955 → ID3957,24,3955,3957,-1.0,2.214297435588181,8.0,8.0,38.5,439.5,441.5,0.0,
ID3902 → ID3905,24,3902,3905,-1.0,1.1659045405098132,8.0,8.0,12.5,559.5,493.5,0.0,
ID3968 → ID3970,24,3968,3970,-1.0,1.5707963267948966,7.211102550927978,7.211102550927978,35.5,513.5,460.5,0.0,
ID3888 → ID3890,24,3888,3890,-1.0,2.922923707715851,8.246211251235321,8.246211251235321,5.5,582.5,501.5,0.0,
ID3909 → ID3911,24,3909,3911,-1.0,0.4636476090008061,12.649110640673518,12.649110640673518,15.5,549.5,485.5,0.0,
ID3939 → ID3941,24,3939,3941,-1.0,0.19739555984988078,7.211102550927978,7.211102550927978,30.5,469.5,454.5,0.0,
ID3894 → ID3896,24,3894,3896,-1.0,2.3805798993650633,10.770329614269007,10.770329614269007,8.5,567.5,498.5,0.0,
ID3898 → ID3900,24,3898,3900,-1.0,2.5213431676069717,24.331050121192877,24.331050121192877,10.5,557.5,501.5,0.0,
ID3937 → ID3939,24,3937,3939,-1.0,1.1659045405098132,14.142135623730951,14.142135623730951,29.5,476.5,462.5,0.0,
ID3947 → ID3949,24,3947,3949,-1.0,2.5535900500422257,6.0,6.0,34.5,446.5,449.5,0.0,
ID3917 → ID3919,24,3917,3919,-1.0,0.3217505543966422,20.0,20.0,19.5,543.5,473.5,0.0,
ID3919 → ID3921,24,3919,3921,-1.0,0.6202494859828215,17.204650534085253,17.204650534085253,20.5,526.5,468.5,0.0,
ID3941 → ID3943,24,3941,3943,-1.0,0.19739555984988078,5.656854249492381,5.656854249492381,31.5,465.5,449.5,0.0,
ID3972 → ID3974,24,3972,3974,-1.0,2.830045826687105,21.2602916254693,21.2602916254693,37.5,512.5,461.5,0.0,
